ID,KEYWORD
9294,Anemia
9295,Abdominal TB
9296,Stomach TB
9297,Stomach Ulcer
9298,Pulse Rate Fluctuations
9299,Low Sperm Count
9300,Bowed Legs
9301,Curved Legs
7610,Chlamydia Infections
7615,Cholesterol Diseases
7617,Chorea
7620,Chronic Anemia
7622,Chronic Autoimmune Neutropenia
7625,Chronic Constipation
7626,Chronic Constrictive Pericarditis
49,Brain Stent Surgery
55,Brain Lesions
52,Brain Angiography
27,Fissure Surgery
21,Fissure Treatment
40,Fistula Treatment Surgery
35,Foreskin Removal of Penis
4,Gallbladder Stone
136,Head Angiography
17,Incisional Hernia
95,Loss of Voice
46,Colon Infection
65,Enteric Fever
24,Pilonidal Abscess Drainage
47,Pilonidal Surgery
15,Haemorrhoid Surgery
11,Surgical Removal of Appendix
121,Kidney Disorder
114,Urinary Tract Stone
32,Thyroid Cancer
133,Tumor Marker Test
61,Neck Surgery
97,Nose Infection
116,Ureter Stone
132,Palliative Management
118,Renal Disease
96,Speech Disorder
62,Spinal Cord Surgery
37,Testicle Infection
98,Throat Infection
103,Tongue Problem
7611,Cholangiocarcinoma
9251,Abdominal Myomectomy
9252,Ovary Removal Surgery
16,Piles Surgery
7252,Abdominal Hysterectomy
9253,Spondylodesis
9255,Lumbar Discectomy
9257,Urethrotomy
9258,Direct Visual Internal Urethrotomy
9259,Microscopic Voice Surgery
9260,Vocal Cord Surgery
9261,Ureterostomy
9262,Urostomy
9263,Ossiculoplasty
9264,Macular Hole Treatment
9265,Pancreatectomy
9268,Lung Cancer Surgery
9270,Peripheral Angiography
9271,Peripheral Angioplasty
9272,Fetal Echocardiography
9302,Valve Deformity
9304,Breast Lump
9306,Frequent Urination - Women
9318,Mucus in Stool
9319,Nasal Polyp
9322,Prostate Infection
120,Urinary Problem
79,Valve Surgery
7251,Abdominal Hernia
7628,Chronic Depression
7630,Chronic Headache
7631,Chronic Heart Failure
7632,Chronic Hepatitis B
436,Skin Biopsy
7636,Chronic Myeloid Leukemia 
7637,Chronic Myeloproliferative Disorders
7639,Chronic Neutropenia
7640,Chronic Orthostatic Hypotension
7642,Chronic Severe Neutropenia
7645,Circadian Rhythm Sleep Disorder
7647,Classic Migraine
7648,Classic Polyarteritis Nodosa
7649,Clavicle Fracture
7253,Abdominal Mass Biopsy
7652,Cleft Lip and Palate Surgery
7653,Cluster Headache
7655,Coagulation Disorders in Pregnancy
7656,Cocaine Addiction
7658,Cognitive Disorders
7659,Cold Autoimmune Hemolytic Anemia
7661,Colles' Fracture
7663,Colon Disorders
7664,Colon Polyp
7665,Colonic Volvulus
25,Chronic Anal Fissure
193,Congenital Disorder in Children
241,Dislocated Bone Surgery
302,Child Birth
342,Eye Problem
187,Hair Fall
138,Interventional Neuroradiology
107,Intestinal Problem
244,Medial Collateral Ligament Surgery
7213,Normal Delivery
182,Skin Disease
196,Foreign Body Aspiration
218,Hearing Impairment
307,Infertility Treatment
243,Knee Surgery
139,Leg Swelling
144,Liver Cirrhosis
150,Myocardial Infarction
145,Organ Transplant
209,Radical Mastoidectomy
292,Sleep Disorder
225,Test Tube Baby
7260,Achilles Tendinitis
7261,Achilles Tendon Rupture
7668,Color Blindness
7669,Colovaginal Fistula
217,Anosmia
9303,Ankyloglossia
9305,Breast Discoloration
201,Eardrum Repair Surgery
48,Ventriculoperitoneal Shunt
9,Breast Cancer Surgery
7646,Circumcision
9307,Nephropathy
9308,Pregnancy Test
9309,Urarchal Sinus Disorder
9310,Pus from Umbilical Sinus
169,Pacemaker Surgery
9311,Shivering
9312,Vocal Cord Swelling
7673,Complex Fracture of Acetabulum
7674,Complex Fractures
7676,Complex Long Bone Fracture
7678,Complex Regional Pain Syndrome
7683,Complicated Migraine
7685,Composite Fillings
7263,Acne Scar Removal
7686,Compound Fracture
7687,Compression Fracture
7689,Conduct Disorder
7691,Congenital Cardiovascular Malformations
7692,Congenital Heart Block
7265,Acoustic Neuroma
7695,Congenital Herpes Simplex
7696,Congenital Mitral Malformation
1720,Abdominal Cyst
4626,Abdominal Flap
7698,Congenital Motor Nystagmus
7699,Congenital Muscular Dystrophy
252,Cavity in Tooth
311,Cyst Removal
7268,Acrodysplasia Scoliosis
317,Intraocular Lens Implant 
366,Botox Injection
148,Chest Pain
273,Renal Cancer
276,Surgical Removal of Testicle
395,Dental Bonding
392,Dental Plaque
376,Ejection Fraction
301,Fallopian Tube Surgery
360,Fat Burn
388,Heart Operation
374,High Blood Pressure
305,Infertility Surgery
263,Kidney Stone
288,Multiple Sclerosis
333,Neurovascular Intervention
394,Oral Cavity
304,Ovarian Diathermy
320,Retina Surgery
294,Surgical Delivery
253,Tooth Ache
260,Urinary Incontinence
7702,Congenital Sensory Neuropathy
7703,Congenital Septal Defect
575,Abnormally Rapid Breathing
7704,Congenital Spine Disorders
568,Abnormal Menstruation
7705,Contact Lens Exams
570,Abnormal Taste
7707,Cornea Transplant
7708,Corneal Abrasion
7709,Corneal Dystrophy
7710,Corneal Ulcer
7711,Coronary Artery Calcification
7670,Colporrhaphy
7688,Concussion
9313,Ankylosing Spondylitis
9314,Swollen Nerve
313,Fibroidectomy
7212,C Section
261,Percutaneous Nephrolithotomy
9315,Face Injury
9316,Compressed Nerve
9317,Heart Murmur
9320,Dilated Cardiomyopathy
9321,Hydrocele
7714,Coronary Stenting
7715,Corticobasal Degeneration
7716,Cortisone Injection
7718,Cough Headache
7719,Counseling Services
7720,Couples Therapy
7722,Cranial Dystonia
7723,Cranial Neuralgia
7725,Cranial Trauma
7729,Craniospinal Trauma
7733,Cryoablation for Atrial Fibrillation
7736,Crystalline Arthritis
7739,Cushing's Syndrome
7740,Cutaneous Lymphoma
487,Athlete's Foot
480,Ear Discharge
484,Body Ache
7217,Gamete Intrafallopian Transfer
417,Gum Problem
499,Knee Problem
7278,Acute Lymphocytic Leukemia
433,Skin Lesion
7219,Tubal Embryo Transfer 
435,Dermatic Allergy
412,Gum Bleeding
536,Loose Motions
455,Metabolic Control
541,Muscle Pain
531,Running Nose
473,Swimmer's Ear
408,Teeth Cleaning
411,Tooth Bleeding
478,Voice Disorder
456,Weight Loss
7742,Cutaneous T-Cell Lymphoma
7743,Cyclic Neutropenia
565,Abdominal Cramps
567,Abdominal Pain
2758,Abscess Drainage
3576,Abscess Excision
577,Absent Periods
7749,De Quervain's Disease
7750,De Quervain's Release
7753,Defibrillator Implantation
7754,Deficiency-Induced Osteoporosis
7755,Degenerative Disc Disease
7757,Degenerative Spondylolisthesis
7281,Acute Myeloid Leukemia
7282,Acute Myocardial Infarction
7760,Delusional Disorder
7717,Costiveness
474,Tonsil
537,Ulcer
7745,Cyst
7758,Dehydration
9323,Sputum
9324,Endometrial Cyst
9325,Doppler Scan
7762,Dental Bridge
7287,Adenoid Removal
4704,Amniotic Fluid Acetylcholinesterase
7763,Dental Cleaning
7764,Dental Crowding
583,Back Pain
626,Bad Breath
7751,Deep Brain Stimulation
7746,Cystectomy
637,Black Stool
634,Bitter Taste
671,Bottom Itching
635,Black Toenail
641,Bladder Incontinence
670,Blurred Vision
614,Difficulty in Speaking
674,Breast Discharge
595,Altered Mental Status
678,Breast Pain
552,Chicken Pox
657,Dark Urine
7216,Embryo Trasnsfer 
7223,Frozen Embryo Transfer
594,Hair Loss
625,Joint Pain
624,Joint Stiffness
571,Loss of Appetite
598,Memory Loss
547,Lack of Appetite
616,Mouth Sores
636,Nail Discoloration
656,Rectal Bleeding
610,Swollen Ankles
611,Swollen Feet
574,Vaginal Discharge
561,Varicose Veins
649,Vision Loss
659,Vomiting Blood
7770,Dental Onlay
7772,Dependent Personality Disorder
7773,Depersonalization Disorder
7775,Dermal Filler
7778,Destruction of Anal Tumor
7291,Adrenal Fatigue
7292,Adrenal Gland Cancer
7294,Adult Congenital Heart Disease
7298,African Kaposi Sarcoma
7300,Airway Obstruction
7301,Airway Stenting
7303,Alcoholic Neuropathy
7305,Alcoholism 
7780,Excision of Lesion of Cervix
7781,Destruction or Excision of Vaginal Lesions
7783,Dexamethasone Sensitive Hypertension
7784,Diabetes Ketones
7785,Diabetes Type 2
7787,Diabetic Retinopathy
7788,Diagnostic Cardiac Catheterization
725,Congested Nose
735,Coughing up Blood
596,Amenorrhea
7306,Allergic Arthritis
587,Acid Reflux
3577,Acoustic Schwannoma
7221,Assisted Hatching
744,Decreased Appetite
751,Difficulty in Breathing
752,Difficulty in Sleeping
753,Difficulty in Swallowing
722,Concentration Problem
758,Eye Discharge
762,Discolored Urine
7232,Marriage Counselling
789,Ear Ringing
794,Elbow Pain
681,Shortness of Breath
776,Vaginal Dryness
782,Vaginal Pain
761,White Tongue
7794,Diffuse Alveolar Hemorrhage
7795,Diffuse Large B-Cell Lymphoma
7796,Digestive Disorders
7797,Discoid Lupus
7798,Displaced Bone in Ankle
7807,Disruptive Behavior Disorders
7808,Dissecting Aneurysm
7809,Disseminated Intravascular Coagulation
864,Heart Palpitations
380,Acute Coronary Syndrome
868,Heel Pain
2738,Acute Ischemic Stroke
875,Hip Pain
878,Hot Flashes
883,Impaired Vision
4718,CSF ADA
736,Cramps
737,Cyanosis
1273,Acne
739,Dandruff
749,Depression
750,Diarrhea
755,Diplopia
763,Disorientation
777,Dysarthria
778,Dysgeusia
779,Dysmenorrhea
781,Dyspareunia
783,Dyspepsia
754,Dysphagia
915,Leg Weakness
931,Loss of Bladder Control
923,Lingua Villosa
935,Loss of Orientation
936,Loss of Peripheral Vision
860,Lump on Gums
932,Loss of Urine Control
827,Numb Fingers
912,Muscle Cramps
847,Painful Gums
910,Restless Leg Syndrome
851,Sore Tongue
810,Swollen Eyes
904,Swollen Joints
925,Swollen Lip
849,Swollen Lymph Nodes
845,Vaginal Itching
820,Weight Gain
1277,Addison's Disease
7810,Disseminated Neonatal Herpes
7811,Dissociative Disorder
7812,Dissociative Identity Disorder
2740,Adhesive Capsulitis
7815,Distal Myopathy
7817,Disuse Osteoporosis
966,Murky Urine
974,Nipple Discharge
7820,Dopamine Responsive Dystonia
7821,Dorsal Neuralgia
7331,Angiosarcoma of Breast
7332,Ankle Fracture Repair
7333,Ankle Fusion
7822,Down Syndrome
7824,Drooping Eyelids
7825,Drug Abuse
7826,Drug Rebound Headache
7827,Drug Induced Chorea
7828,Drug Induced Insomnia
7334,Ankle Injury
7830,Drug Induced Parkinsonism
7831,Duchenne Muscular Dystrophy
7834,Duodenal Ulcer
7836,Dupuytren's Contracture Injection
7837,Dural Arteriovenous Fistulas
7839,Dysphasic Dementia
4654,Adductor Tenotomy
1016,Hypersalivation 
973,Night Sweating
977,Non Ulcer Dyspepsia
987,Over Breathing
996,Painful Urination
1017,Puffy Eyes
1028,Red Stool
1031,Resting Tremor
1037,Scalp Flaks
975,Swelling in Nodes
1002,Penile Itching
1004,Peripheral Vision Loss
894,Irritability
1011,Postural Tremor
1024,Rectal Itching
1026,Red Eye
1029,Reduced Sex Drive
1038,Scalp Itching
1043,Shakes Tremor
1044,Shaky Feet
1048,Shoulder Pain
1053,Skipped Periods
1054,Sleep Deprivation
1059,Slurred Speech
937,Tunnel Vision
7842,Ear Cancer
7335,Ankle Instability
1364,Long Sightedness
7337,Ankle Ligament Reconstruction
7338,Ankle Ligament Rupture
7341,Anorectal Abscess
7844,Ear Infection
7846,Ear Tube Placement
7847,Ectropion of Eyelid
7849,Elbow Bursitis
7343,Anorectal Cancer
7850,Elbow Fracture
7347,Antepartum Eclampsia
7853,Elbow Ligament Reconstruction
7854,Elbow Sprain
7855,Elbow Surgery
7857,Electrical Burn
7858,Electrical Stimulation
7861,Emery-Dreifuss Muscular Dystrophy
7864,Encounters for Normal Pregnancies
7866,Endocervical Curettage
7867,Endocrine Cancer
1143,Alzheimer's Disease
1180,Muscular Dystrophy
1182,Non Hodgkin's Lymphoma
1065,Sore Leg
1064,Sore Mouth
1150,Celiac Disease
1154,Common Cold
1156,Crohn's Disease
1115,Vaginal Infection
1124,White Flakes in Scalp
1161,Genital Herpes
1163,Graves' Disease
1165,Hay Fever
1138,Yellow Stool
1172,Kidney Disease
1174,Liver Cancer
1175,Liver Disease
1177,Mental Illness
1184,Otitis Media
1062,Sore Breast
1063,Sore Gums
1077,Strep Throat
1005,Pharyngitis
1088,Testicular Pain
1091,Tingling Fingers
1092,Tingling Toes
1095,Toe Pain
1098,Tongue Ulcers
1110,Urine Blockage
1113,Vaginal Odor
1114,Vaginal Pruritus
1121,Walking Abnormality
1199,Coronary Artery Bypass Grafting
7350,Cervical Discectomy
1123,Watery Stool
1130,Wrist Pain
7869,Endogenous Insomnia
7870,Endometrial Ablation
7871,Endometrial Biopsy
7348,Antepartum Hemorrhage
1241,Abruptio Placenta
7873,Endometriosis of Colon
7874,Endomyocardial Biopsy
7875,Endoscopic Mucosal Resection
1330,Foot Drop
7877,Endoscopic Submucosal Dissection 
7878,Endoscopic Thoracic Spine Surgery
7881,Endovascular Aortic Aneurysm
7882,Endovascular Repair of Aorta
7883,Endovenous Laser Treatment
7887,ENT Cancer
7888,Enteral Stenting
7889,Enterocutaneous Fistula
7891,Enthesopathy of Hip
7895,Epidemic Kaposi's Sarcoma
7897,Epidural Injection
1296,Atrial Fibrillation 
1295,Artificial Insemination
1304,Body Odour
1309,Breast Implant Surgery
1242,Clubfoot
1234,Colorectal Cancer
1298,Bed Sores
1211,Bipolar Disorder
1305,Bowel Incontinence
1307,Brain Injury
1308,Breast Abscess
1311,Broken Arm
1312,Broken Collarbone
1197,Severe Acute Respiratory Syndrome 
1069,Spitting-Up Blood
1233,Colon Cancer
1260,Systemic Lupus Erythematosus
1223,Congestive Heart Failure
1261,Systemic Lupus Erythematosus 
1194,Thyroid Disorder
1245,Ectopic Pregnancy
1266,Endometrial Cancer
1083,Syncope
1236,Neonatal Sepsis
1229,Nephrotic Syndrome
1249,Placenta Previa
1235,Postpartum Hemorrhage
1265,Pott's Disease
1244,Preterm Labor
1226,Renal Failure
1209,Respiratory Acidosis
1215,Rheumatoid Arthritis
1237,Sepsis Neonatorum
1225,Spinal Cord Injury
1070,Sprained Ankle
7899,Episodic Ataxia
7901,Epstein Barr Virus Related Fibromyalgia
7903,Erectile Dysfunction
7905,Esophageal Cancer
7906,Esophageal Fistula
7907,Esophageal Stenting
7908,Esophageal Varices
7911,Essential Tremor
7913,Eustachian Tube Dysfunction
7914,Ewing's Sarcoma
1387,Renal Transplant
1217,Breast Cancer
1195,Prostate Cancer
7915,Excessive Daytime Sleepiness
7921,Excision of Breast Tumor
7922,Excision of Cervix
1316,Broken Nose
7923,Exercise Induced Asthma
7925,Extra Articular Fracture
7926,Extracranial Meningioma
7928,Extradural Hemorrhage
7931,Extremity Malunions
7932,Extremity Nonunion
7934,Eye Cancer
1440,Female Hormone Problem
1425,Hereditary Problem
1352,Inguinal Hernia
1365,Loss of Libido
7357,Anterior Spinal Artery Syndrome
1376,Obstructive Sleep Apnoea
1327,Faecal Incontinence
1432,PCOS in Pregnancy
1413,Polycystic Ovarian Syndrome
1386,Prolapsed Disc
1385,Prolapsed Uterus
1345,Hormone Replacement Therapy
1353,Irregular Heartbeat
1371,Myasthenia Gravis
1227,Hemophilia
1404,Lymphoma
1370,Mastectomy
1403,Myeloma
1379,Ovarian Cyst
1382,Pilonidal Sinus
1384,Premature Ejaculation
1388,Retinal Detachment
1391,Slipped Disc
7938,Eye Injuries
7939,Eye Melanoma
7940,Eye Movement Abnormality
7358,Anterior Vaginal Wall Prolapse
7359,Antiphospholipid Syndrome
7944,Fabry's Disease
7945,Facet Block
7947,Facial Bone Fracture Repair
7948,Facial Fracture
7950,Facial Laceration
7952,Facioplegic Migraine
7954,Fallopian Tube Cancer
7955,False Aneurysm
7957,Familial Colorectal Cancer
7958,Familial Combined Hyperlipidemia
7360,Antisocial Personality Disorder
7959,Familial Forms of Alzheimer's Disease
7960,Familial Hemiplegic Migraine
7962,Familial Hypertension
1489,Chemical Peeling
7963,Familial Multiple Sclerosis
7964,Familial Pancreatic Cancer
1472,Balanced Diet
7968,Fatal Familial Insomnia
1490,Alopecia Areata
1484,Difficulty in Reading
1509,Cerebral Palsy
1522,Chest Disease
1515,Geriatric Medicine
1539,Complex Reconstruction Surgery
1474,Hair Transplant
1531,Body Contouring Surgery
1562,Knee Arthroplasty
1465,Tracheostomy
1549,Squint Surgery
1469,CT Scan
7236,H1N1
1514,Hospice and Palliative Medicine
1455,Diaphyseal Fracture
1543,Limb Reconstructive Surgery
1497,Neurological Disorder
1542,Oculoplastic Surgery
1505,Gestational Diabetes
1511,Preventive Cardiology
1569,Hand Surgery
1516,Respiratory Disease
1459,Spinal Cancer
1457,Hip Arthritis
1449,Insulin Resistance
1458,Knee Arthritis
1506,Metabolic Disorders
1488,Mole Removal
1507,Neuro Development Disorder
1520,Preventive Healthcare
1373,Nightmares
1438,Oligomenorrhoea
1538,Sex Change Surgery
1460,Spinal Pain
1451,Sports Medicine
1568,Upper Arm Surgery
1487,Wart Removal
1567,Wrist Replacement
7970,Febrile Convulsion
7971,Female Infertility
7972,Female Orgasmic Disorder
7975,Femoral Aneurysm
7976,Femur Fracture
7367,Aortic Valve Disease
7978,Fetal Ultrasound
7979,Fibrocystic Breast Disease
7983,"Fistulectomy or Fistulotomy, Anal"
7985,Fluoride Treatment
7987,Focal Dystonia
7989,Follicular Lymphoma
7992,Food Allergy
7993,Ankle Dislocation Treatment
7997,Foot Fracture
7372,Apical Vaginal Prolapse
7998,Foot Injuries
7999,Foot Sprain
8000,Fracture Care
8002,Fractured Lower Leg
8003,Friedreich's Ataxia
8004,Frontotemporal Dementia
8005,Frozen Shoulder
8008,Gait Abnormality
7374,Appendix Cancer
8010,Gallbladder and Biliary Tract Cancer
1674,Color Doppler
8013,Ganglion Cyst
8015,Gas Bloat Syndrome
8017,Gastric Balloon Surgery
8018,Gastric Cancer
7376,Arterial Dissection
8020,Gastric Ulcer
1662,Diaphragmatic Hernia
1630,Elbow Replacement
1648,Narrowing of Airway
1687,Pediatric Cancer
1652,Fracture Fixation
1602,Pediatric ENT
1679,Hematological Cancer
1685,Pediatric GI Surgery
1604,Tympanoplasty
7370,Aortic Valve Surgery
1577,Skull Base Surgery
1599,Pediatric Urology
1591,Tethered Spinal Cord
1682,Neonatal Surgery
1583,Pediatric Neurosurgery
1622,Shoulder Arthoscopy
1627,Shoulder Replacement
8024,Gastroenteropancreatic Neuroendocrine Tumor
8026,Gastrointestinal Amyloidosis
1560,Rhinitis
1558,Sciatica
8028,Gastrointestinal Diseases
8029,Gastrointestinal Surgery
8033,Genital System Cancer
8034,Genital Warts
8035,Genitourinary Cancers
1637,Electrocardiogram
8036,Gestational Hypertension
8038,Gland Cancer
8040,Glaucoma Surgery
8041,Glenoid Labrum Repair
8042,Glenoid Labrum Tear
8045,Gliomatosis Cerebri
8048,Gluten Ataxia
3172,Alar Reconstruction
7381,Arteriosclerotic Vascular Disease
8051,Groin Hernia
8055,Gynecologic Cancer Screening
3122,Airway Foreign Body Removal
1737,Anorectal Disorder
1748,Endoscopic and Laparoscopic Surgery
1710,Brain Atrophy
1744,Head and Neck Cancer
1706,Child Neurology
1724,Choledochal Cyst
1712,Head Tilt Test
1793,Contact Dermatitis
1729,Intensity Modulated Radiation Therapy
1751,Neonatal Intensive Care
1707,Neuromuscular Disorder
1794,Dermato Surgery
1760,Post Surgery Rehabilitation
1709,Spastic Hemiplegia
1731,Stereotactic Body Radiation Therapy 
1695,Surgery for Aneurysm
1696,Surgery for Cardiac Failure
1699,Heart Attack
1784,Metabolic Surgery
1776,Minimal Access Metabolic Surgery
1750,Newborn Care
1726,Paediatric Bronchoscopy
1719,Paediatric Laparoscopic Surgery
1711,Recurrent Seizures
1722,Undescended Testis
8061,Hamartomatous Colorectal Cancer
1865,Adjustment Disorder
8063,Hamstring Injury
8066,Hand Injuries
8067,Hand Neuropathy
8068,Hashimoto's Disease
8071,Hearing Disorders
8072,Heart Biopsy
8030,Gastroparesis
1766,Endoscopic Sinus Surgery
8096,Herniated Disc Surgery
8079,Heart Valve Surgery
1940,Vertebroplasty
1914,Colposcopy
1804,Atrial Septal Defect ASD Surgery
8074,Heart Muscle Disease
8076,Malignant Heart Tumor
8077,Heart Valve Diseases
8082,Hemolytic Anemia
8083,Hemolytic Uremic Syndrome
8085,Hemorrhoid Removal
8088,Hepatitis B
8089,Hepatitis C
8090,Hepatobiliary Cancer
8093,Hereditary Neuropathy
7386,Arthritic Shoulder Reconstruction
8094,Hereditary Spherocytosis
8098,Herpes Simplex Infection
8099,Herpes Simplex Virus Antenatal Infection
8100,Herpetic Neuralgia
8101,Hiatal Hernia
8104,High Risk Hypertension
8106,Hip Bursitis
8107,Hip Cancer
7387,Arthritis - Ankle
8108,Hip Dislocation
8110,Hip Injury
8111,Hip Labral Tear
8112,Hip Muscle Strain
8115,Hip Socket Injuries
8116,Hip Sprain
8117,Hip Surgery
1282,Alcoholic Liver Disease
1920,Ear Pain
1946,Endoscopic Surgery
1908,Fetal Surgery
7388,Arthritis - Elbow
1866,Behavioral Therapy
1882,Clinical Physiotherapy
1838,Emergency Surgery
1815,Penile Doppler
1876,Sleep Apnoea
1948,Vascular Repair
7389,Arthritis - Finger
7390,Arthritis - Foot
7391,Arthritis - Hand
7392,Arthritis - Neck
7393,Arthritis - Shoulder
7395,Arthritis - Toe
7396,Arthritis - Wrist
8121,Hospice Care Services
8122,HPC Transplantation
8123,Human Papillomavirus
8124,Huntington's Disease
8127,Paediatric Hydrocephalus
8128,Hydrothermal Endometrial Ablation
8130,Hypercoagulable State
8134,Hypertension Headache
8135,Hypertension in Pheochromocytoma
8081,Hematoma
8086,Hemorrhoidectomy
8141,Hyperthyroid Osteoporosis
8142,Hypertrophic Branchial Myopathy
8148,Hypotonic Sclerotic Muscular Dystrophy
8151,Idiopathic Chronic Severe Neutropenia
8152,Idiopathic Myopathy
8154,Idiopathic Osteoporosis
8157,Iliac Aneurysm
8158,Ilioinguinal and Iliohypogastric Block
8162,Immune Deficiency
8165,Impacted Shoulders
8166,Impaired Cognition
8167,Impella Device
8169,Implantable Peripheral Neurostimulator
2051,Echocardiography
8170,Impulse Control Disorders
1953,Degenerative Disease
2049,Femoro Distal Bypass
7408,Artificial Ankylosis
2064,Integrated Medicine
7409,Artificial Disc Replacement
7411,Asterixis 
2109,Bone Disorders
1976,Endoscopic Surgery
2099,Hair Restoration
2082,Intensive Care
7413,Asthma in Children
8172,Infant Epilepsy With Migrant Focal Crisis
8173,Infantile Refsum Disease
8174,Infantile Sleep Apnea
8176,Infective Endocarditis
8178,Inflammatory and Toxic Neuropathy
8179,Inflammatory Bowel Disease
8183,Influenza 
8185,Inhibited Female Orgasm
8186,Injection Therapy
8188,Insufficiency Fracture
2195,Bowel Disease
8189,Intercostal Neuralgia
8192,Interstitial Cystitis
8193,Interstitial Lung Disease
8196,Intestinal Abscess
8197,Intestinal Atresia
8198,Intestinal Biopsy
8199,Intestinal Fistula
8202,Intra Arterial Thrombolysis
8203,Intra Articular Fracture
8206,Intracranial Hemorrhage
8208,Intractable Epilepsy
8210,Intraocular Hemorrhage
8211,Intrapartum Eclampsia
8213,Intraventricular Hemorrhage
8215,Invasive Breast Cancer
8219,Iron Deficiency Anemia
8143,Hypoglycemia
8144,Hypoparathyroidism
8146,Hypotension
8147,Hypothyroidism
8164,Immunization
8168,Impetigo
2047,Grafting
1971,Nutrition
2081,Cholestasis
2101,Dermatopathology
2097,Electrosurgery
2030,Haematology
1962,Sepsis
2034,Thrombosis
2079,Vaccination
2098,Vitiligo
8177,Infertility
7417,Astrocytoma
8220,Irregular Sleep-Wake Pattern
8222,Jaw Dystonia
8223,Jaw Fracture
8224,Jet Lag
8225,Jock Itch
8226,Joint Cancer
2205,Head Injury
7418,Asymptomatic Post-Menopausal Status
2218,Reproduction Problem
2234,Salivary Gland Tumor
2149,Mental Health
2206,Neurovascular Surgery
2179,Pulmonary Vasculitis
8253,Knee Osteotomy
2287,Implantable Cardioverter Defibrillator
2197,Viral Hepatitis
7423,Atrioventricular Septal Defect
7424,Atrophic Vaginitis
7425,Attention Deficit Disorder
7427,Atypical Depression
7428,Atypical Hemolytic Uremic Syndrome
7429,Auditory Neuropathy
7430,Autoimmune Atherosclerosis
7431,Autoimmune Endometriosis
8228,Joint Drainage
8229,Joint Fracture
8230,Joint Injection
8232,Juvenile Chronic Arthritis
8233,Juvenile Dermatomyositis
8234,Juvenile Gout
8235,Juvenile Myoclonic Epilepsy
8237,Juvenile Parkinson's Disease
8238,Juvenile Pilocytic Astrocytoma
8239,Juvenile Scleroderma
8241,Kaposi's Sarcoma
8242,Keloid Scar
7432,Autoimmune Hemolytic Anemia
8245,Kidney Failure
7433,Autoimmune Hemophilia
7434,Autoimmune Myelopathy
8249,Knee Fracture
8251,Knee Ligament Injuries
8254,Knee Pain
8256,Knee Sprain
8257,Knee Tendinitis
8259,Labile Hypertension
8261,Lambert - Eaton Syndrome
8265,Laparoscopic Nephrectomy
8266,Laparoscopic Salpingectomy
2332,Carpal Tunnel Injection
8269,Laryngeal Cancer
7438,Autonomic Disorders
7439,Autonomic Dysreflexia
2194,ERCP
7419,Ataxia
7420,Atherectomy
2170,Catheterization
2125,Diabetes
2126,Hypertension
2226,Maxillectomy
2191,Metabolism
2131,Neurophysiology
2227,Parotidectomy
2178,Sarcoidosis
2203,Stones
2171,Thrombectomy
2173,Valvuloplasty
8243,Keratitis
8244,Keratoconus
186,Allergy
8260,Lachrymation
8268,Laparotomy
8277,Lazy Eye
8278,Learning Disabilities
2319,Family Planning
2369,Peripheral Hand Reconstruction
2260,GI Disorder
2327,Diet Plan
2321,Gynecological Cancer
2301,Endoscopic Disc Surgery
2324,Foetal Growth
2273,Image Guided Intervention
2342,Gastrointestinal Cancer
2257,Musculoskeletal Disorder
2303,Neuro Trauma
2325,Pediatric ICU
2289,Transesophageal Echocardiography
8306,Lower Spine Surgery
2340,Brain Tumor
2271,Molecular Oncology
2262,Multiple Myeloma
2305,Neonatal Transport
2276,Paediatric Echo
2299,Stereotactic Surgery
2282,Thoracic Oncosurgery
2330,Thrombolytic Therapy
7441,Avulsion Fracture
7442,Bacterial Endocarditis
8280,Leber Miliary Aneurysm
8285,Lewy Body Dementia
7443,Bacterial Pericarditis
8289,Limb Cancer
8290,Limb Dystonia
7444,Bacterial Vaginosis
8293,Lip Cancer
8294,Lipid Disorders
8295,Lipid Storage Myopathy
8305,Lower Half Headache
8308,Lumbar Epidural Steroid Injection
8312,Lumbar Medial Branch Block
8314,Lumbar Selective Nerve Root Block
8317,Lung Abscess
8319,Lung Removal
8320,Lupus Erythematosus
8321,Lyme Disease
8322,Lymph Node Excision
8325,Lymphoma of the Bone
8326,Lymphoma of the Brain
8327,Lymphoma of the Breast
8335,Magnetic Resonance Angiography
8336,Major Depressive Disorder
8337,Male Breast Cancer
2456,Carotid Doppler
2469,Eating Disorder
2445,Cath Lab
2398,Hearing Implants
2397,Infectious Disease
2421,Continuous Renal Replacement Therapy
2389,Neuro Vascular Surgery
2417,Pediatric Kidney Disease
2380,Pelvic Deformity
2483,Geriatric Psychiatry
2486,Psychosomatic Disorder
2393,Hyperbaric Medicine
2426,Kidney Biopsy
2268,Hematology
8281,Leiomyoma
8283,Leukocytosis
2457,Peripheral Doppler
2460,Renal Doppler
3726,Stereotactic Biopsy
1073,Stiff Joints
3729,Stimulator Implantation
1074,Stomach Pain
2435,Vascular Intervention
8338,Male Genitourinary Cancer
8340,Malignant Astrocytoma
8342,Malignant Glioma
8345,Malignant Tumor of Palate
8348,Marfan Syndrome
8349,Marfan Syndrome Type 2
8350,Marijuana Addiction
8351,Mast Cell Diseases
8353,Mechanical Thrombectomy
8354,Meckel's Diverticulum
2518,Eyelid Surgery
2583,Renal Angioplasty
2453,Holter Monitoring
8356,Medial Collateral Ligament Tear
8357,Medial Epicondylitis
7448,Basal Cell Carcinoma
8358,Mediastinal Cancer
8360,Medical Branch Block
8361,Medication Management
8362,Medication Induced Postural Tremor
8365,Megaloblastic Anemia
7450,Basilar Migraine
8367,Melanoma-Astrocytoma Syndrome
8369,Meniere's Disease
2545,Care Of Surgical Neonate
8372,Meniscus Transplantation
8373,Menstrual Migraine
2509,Diabetes during Pregnancy
2542,Gallbladder Cancer
2547,Genitourinary Disorder
2507,Interventional Bronchoscopy
7451,B-Cell Lymphoma
2566,Laparoscopic Surgery in Children
7452,Becker Muscular Dystrophy
7453,Behavioral Disorders
2450,Tread Mill Test 
2601,Multiple Drug Resistance
2577,Neuro Urology
2488,Post Traumatic Stress Disorder
2597,Surgery of Sleep Apnea
2592,Vitreoretinal Disease
2602,XDR Disease
2587,Hair Grafting
2497,Hepatobiliary Surgery
2491,Interventional Radiology
2567,Juvenile Rheumatoid Arthritis
2539,Male Sexual Dysfunction
2571,Neuromuscular Pathology
2559,Paediatric Medical Oncology
2553,Pediatric Neurology
2495,Plastic Reconstructive Surgery
2529,Redo Cardiac Surgery
2591,Refractive Surgery
2532,Robotic Cardiac Surgery
2434,Neurosonology
2490,Stem Cell Therapy
2492,Thoracic Surgery
7454,Benign Astrocytoma
7456,Benign Exertional Headache
7457,Benign Hereditary Chorea
8375,Metabolic Myopathies
8376,Metabolic Neuropathy
8377,Metastatic Adrenal Gland Cancer
8378,Metastatic Blood Cancer
8380,Metastatic Breast Cancer
8381,Metastatic Cancer
8382,Metastatic Liver Cancer
8383,Metastatic Lymph Cancer
7459,Benign Paroxysmal Positional Vertigo 
8386,Metastatic Skin Cancer
8388,Metastatic Spinal Cord Cancer
8390,Metatarsal Fracture
8391,Metobolic Dystonia
7461,Benign Positional Vertigo
8397,Hormone-Induced Migraine
8398,Migrainous Stupor Migraine
8399,Migrainous Vertigo
8400,Mild Cognitive Impairment
2652,Congenital Heart Surgery
2724,Kyphoplasty
8401,Mild Headache
8403,Mindfulness Technique Therapy
7463,Bennett's Fracture
2625,Cervical Degenerative Disc Disease
2675,Cardiac Cath Procedure
2682,Degenerative Spine Disorder
2615,Gallbladder Disease
2707,Meniscus Debridement
2659,Cosmetic Dentistry
2713,Intraoperative Brachytherapy
2709,Knee Arthrotomy
2672,Pediatric Endocrinology
2673,Reproductive Neuroendocrinology
2715,Genitourinary Surgery
2710,Psoas Abscess
2666,Guided Imagery
2617,Revision Surgery
2700,Intraocular Implant
2610,Laparoscopic Adrenalectomy
2656,Medical Emergency
2689,Molecular Pathology
2680,Movement Disorder
2694,Paediatric Oncology
2624,Pediatric Spinal Deformity
2628,Spinal Trauma
2692,Transplant Immunology
2654,Transradial Intervention
2681,Wilson's Disease
8413,Mitral Valve Disease
8416,Miyoshi Myopathy
8418,Molluscum Contagiosum Infection
8420,Mood Disorders
8421,Motor Neuropathy
8422,Mouth Cancer
7469,Bile Duct Obstruction
8424,MSI H Colorectal Cancer
2522,Surrogacy
2535,Tubectomy
8426,MSS Colorectal Cancer
8428,Multifocal Dystonia
8429,Multifocal Motor Neuropathy
8430,Multifocal Premature Beats
8431,Multi Infarct Dementia
8433,Multiple Gestation
8435,Multiple Sclerosis Therapy
8436,Muscle Cancer
8437,Muscle Conditions
8439,Musculoskeletal Diseases
8440,Musculoskeletal Injuries
8443,Myeloproliferative Disorders
1274,Anal Cancer
26,Anal Infection
599,Anal Itching
600,Anal Pain
8444,Myelpathic Anaemia
8445,Myoclonic Dystonia
8447,Myofascial Trigger Point Injection
8449,Myopathic Gait
607,Ankle Pain
608,Ankle Sprain
609,Ankle Swelling
8451,Myotubular Myopathy
8452,Narcolepsy and Cataplexy
8454,Nasal Cavity Cancer
8455,Nasal Reconstruction
8458,Neck Cancer
8459,Neck Injuries
2756,Carotid Endarterectomy
2763,Bronchial Asthma
2730,Cardiac Catheterization
8460,Necrotizing Cutaneous Vasculitis
2719,Idiopathic Thrombocytopenic Purpura
2735,Coronary Artery Disease
8461,Neonatal Anemia
8462,Neonatal Bradycardia
8463,Neonatal Herpes Simplex
8464,"Neonatal Herpes, Type 1 Virus"
2757,Fatty Liver
2728,Incontinence Surgery
8466,Nerve Cancer
2721,Obstetric Critical Care
2727,Paediatric Reconstructive Urology
2749,Pediatric Otorhinology
2734,Peripheral Artery Disease
2752,Tooth Filling
1291,Animal Bite
7471,Binswanger's Dementia
8469,Nerve Injury
8470,Nerve Root Block
8472,Nerve Sheath Tumors
8474,Neuralgia in Upper Extremity
8476,Neuritis with Brachial Predilection
8478,Neuroendocrine Tumors
8479,Neurogenic Bladder
8480,Neurogenic Hypertension
8482,Neurological Diseases
2701,Amblyopia
597,Amnesia
8496,Non Inflammatory Cervical Disorders
7472,Bioidentical Hormone Replacement Therapy
7473,Biological Therapy
7482,Blood Clot
7483,"Blood Coagulation Disorders, Inherited"
7484,Blood in Urine
7486,Body Dysmorphic Disorder
7487,Bone Cancer
7488,Bone Flap Replacement
7489,Bone Fracture
7492,Bowel Cancer
7493,Brachial Neuritis
7494,Brachial Plexus Injuries
7498,Brain Aneurysm
7499,Brain Biopsy
2032,Aplastic Anemia
8501,Non Spinal Nerve Blocks
8504,Nose Cancer
8507,Nutrition and Weight Loss
8508,Nutritional Anemia
8509,Nutritional Sideroblastic Anemia
8510,Obesity Management
8513,Obturator Neurectomy
8514,Occipital Neuralgia
8515,Occult Spinal Dysraphism
620,Arm Pain
8516,Occupational Therapy
8517,Ocular Herpes 
7501,Brainstem Glioma
7503,Breast Cancer Recurrence
7504,Breast Duct Excision
8519,Oculomotor Migraine
8520,Oculopharyngeal Muscular Dystrophy
19,Anus Infection
2048,Aortoiliac Occlusive Disease
93,Apnea and Snoring
39,Arteriovenous Fistula
1578,Arteriovenous Malformation
7509,Breech Position
8528,Ophthalmoplegic Muscular Dystrophy
3003,Angiofibroma Excision
8529,Opioid Dependence
8530,Opsoclonus Myoclonus
8531,Optic Ataxia
8532,Optic Neuritis
7510,Broken Shoulder Blade
2986,Aural Polypectomy
8535,Optic-Spinal Form of Multiple Sclerosis
8538,Orbital Fracture
8539,Orbital Lymphoma
8540,Oromandibular Dystonia
8544,Orthostatic Tremor
8546,Osteoarthritis of Ankle
8547,Osteoarthritis of Elbow
8484,Neuroplasty
8485,Neurosarcoidosis
8550,Osteoarthritis of Hip
8551,Osteoarthritis of Knee
8552,Osteoarthritis of Shoulder
8555,Osteoarthritis of Wrist
7515,Bronchopulmonary Amyloidosis
7516,Bronchopulmonary Dysplasia
8558,Osteoporotic Spine Fractures
8561,Osteosarcoma of the Breast
8562,Otologic Surgery
8565,Ovarian Ablation
8569,Paediatric Cardiac Catheterization
2935,Comedone Extraction
8570,Paediatric ENT
3002,Endoscopic Angiofibroma Excision
2946,Genital Wart
2979,Laser Assisted Uvuloplasty 
3000,Mastoid Abscess
2982,Nasal Fracture Surgery
2945,Finger Nail Removal
2993,Preauricular Sinus
2960,Punch Grafting
2964,Scar Revision
3013,Tongue Tie Release
2949,Sclerosing Hemangioma
2917,Vidian Neurectomy
2955,Koh Examination
2978,Neck Abscess Drainage
3009,Oroantral Fistula Repair
3011,Parapharyngeal Abscess Drainage
3012,Parapharyngeal Tumour Excision
3010,Retropharyngeal Abscess Drainage
3015,Superficial Parotidectomy
3016,Total Parotidectomy
7518,Budd-Chiari Syndrome
7519,Buerger's Disease
8575,Pancreatic Biopsy
8576,Pancreatic Cancer
8578,Pancreatic Neuroendocrine Tumor
7522,Burkitt's Lymphoma
3981,Arthroscopic Rotator Cuff Repair
8581,Panic Attack
8582,Panic Disorder
8583,Pap Smear Abnormalities
8587,Paralytic Ileus
8589,Parasitic Appendicitis
8590,Parathyroid Cancer
8591,Parathyroid Disease
8592,Parathyroid Tumor: Other than Malignant
8593,Parathyroid Adenoma
8595,Parathyroid Hyperplasia
8596,Parotid Gland Cancer
8597,Paroxysmal Nocturnal Hemoglobinuria
3034,Septoplasty
7526,Calcaneus Fracture
3096,Bilateral Grommets
8556,Osteopenia
2985,Myringotomy
8601,Partial Nephrectomy
8603,Pathologic Fracture
8605,PCL Avulsion Fracture
8607,Pediatric Chorea
3072,Cyst Fistula Excision
3039,Dacryocystorhinostomy 
3018,Palatal Tumor Removal
3075,Direct Laryngoscopy
8608,Pediatric Fractures
8609,Pediatric Heart Transplants
3101,Aural Atresia
3023,Caldwell Luc Surgery
3107,Exostosis of External Auditory Canal
3080,Frontal Sinus Trephination
3113,Keloid Excision
3068,Glomus Jugulare Excision
3067,Glomus Tympanicum Excision
3020,Intratympanic Injection
3064,Ludwig's Angina Drainage
3069,Laser Cordectomy
8602,Patellofemoral Pain Syndrome
3051,Lymph Gland Biopsy
3105,Otitis Externa
3045,Pharyngeal Stricture Dilatation
3050,Thyroglossal Cyst Excision
3095,Unilateral Grommets
3108,Pinna Reconstruction
3049,Submandibular Gland Excision
3043,Synechiae Release
7530,Canker Sore
7531,Carcinoma in Situ
8611,Pediatric Hypertension
8612,Pediatric Oncology
8613,Pediatric Reconstructive Urology
8614,Pediatric Respiratory Problems
8615,Pediatric Sleep Disorders
8616,Pediatric Spina Bifida
8620,Pelvic Cancer
8621,Pelvic Fracture
8622,Pelvic Laparoscopy
8623,Pelvic Neuralgia
8624,Pelvic Organ Prolapse
7534,Cardiac Catheterization 
7535,Cardiac Dysrhythmia
8625,Penile Cancer
8626,Percutaneous Balloon Valvuloplasty
7536,Cardiac Event Monitor
8628,Percutaneous Tumor Ablation
8631,Pericardial Disease
8635,Periorbital Hematoma
3216,Auditory Steady State Response
7539,Cardiac Myocardial Perfusion Imaging
7540,Cardiopulmonary Arrest
3196,Ear Foreign Body Removal
8639,Peripheral Artery Catheterization
8640,Peripheral Intervention
8641,Peripheral Nerve Disorders
3145,Cricopharyngeal Myotomy
3077,Esophagoscopy
8634,Periodontitis
7541,Cardiospasm
8642,Peripheral Nerve Surgery
8643,Peripheral Neuritis
3146,Endoscopic Diverticulotomy
3280,Enteroscopy
3983,Arthroscopic SLAP Repair
3190,Hump Reduction
3214,Otoacoustic Emission
3221,Incision and Drainage of Abscess
3201,Intranasal Injection
3200,Intraoral Injection
3157,Laryngotracheal Reconstruction
3225,Nasal Bone Fracture Repair
3151,Laryngeal Cleft Repair
3217,Quinsy Drainage
3140,Ranula Excision
3139,Mucocele Excision
3189,Tip Plasty
3220,Nasal Pack Removal
3169,Young's Operation
3129,Parotid Abscess Drainage
3175,Rhinolith Removal
3179,Rhinophyma Excision
3176,Rhinosporidiosis Excision
3149,Sublingual Gland Excision
3148,Submandibular Gland Stone Removal
3188,Sub Mucosal Resection
8645,Peripheral Vascular Disease
7544,Carotid Artery Disease
7545,Carotid Artery Stenosis
8646,Peritonsillar Abscess
8647,Pernicious Anemia
7546,Carotid Artery Stent Placement
7547,Carotid Atherosclerosis
8648,Peroneal Muscular Atrophy
8649,Personality Disorders
8650,Pervasive Developmental Disorder
8651,Peyronie's Disease
8652,Pharyngeal Cancer
8657,Photodynamic Therapy
8658,Photosensitive Epilepsy
8659,Physical Examination
8661,Pituitary Gland Cancer
8662,Pituitary Tumor
8663,Placental Abruption
8664,Plantar Fasciitis
8667,Pleura Cancer
8668,Pleural Biopsy
8669,Pleural Effusion
8670,Pleural Neoplasm
8671,Pneumatic Retinopexy
8674,Polycythemia Rubra Vera
8675,Polymyalgia Rheumatica 
7548,Carotid Cavernous Fistula
8687,Popliteal Aneurysm
8690,Port Removal
8691,Portal Hypertension
8692,Post-Concussion Syndrome
3222,Diathermy
8695,Posterior Vaginal Wall Prolapse
482,Bacterial Infection
8698,Post Menopausal Osteoporosis
8699,Post Operative Hemorrhage
8702,Postpartum Eclampsia
8703,Post Traumatic Arthritis
8704,Post Traumatic Epilepsy
1145,Autoimmune Diseases
2981,Bone Anchored Hearing Aid 
3300,Hemoclip Application
3256,Lymph Node Biopsy
3285,SB Tube Placement
3243,Neck Lump Excision
3368,Open Cholecystectomy
3440,Splenectomy
3279,PH Monitoring
3302,Savary Gilliard Dilatation
3248,Sinus Cyst Excision
3270,Foreign Body Removal
3331,Liver Biopsy 
3245,Partial Glossectomy
3232,Suction Clearance
3251,Transoral Laser Surgery
7550,Carotid Sinus Syncope
7551,Carpal Fractures
8707,Pregnancy Associated Osteoporosis
4052,Coarctation of Aorta
8709,Premature Birth
3362,Anal Sphincter Repair
3363,Anterior Resection
8712,Presenile Dementia
8713,Preventive Care
8714,Primary Dystonias
8715,Primary Fibromyalgia
8716,Primary Hyperparathyroidism
7555,Cataract Removal Surgery
8717,Primary Hypertension
8718,Primary Insomnia
8720,Primary Orthostatic Tremor
3380,Appendiceal Abscess
3374,Benign Tumour of Palate
3343,Capsule Endoscopy
7556,Cavernous Malformation of Spine
3375,Decortication of Empyema
3379,Division of Adhesions
3412,Drainage Of Liver Abscess
3759,GE Reflux Study
7558,Central Nervous System Lymphoma
3367,Cervical Sympathectomy
3432,Intestinal Anastomosis
3407,Liver Lobectomy
3409,Lump Fibroadenoma Excision
3381,Pancreatic Pseudocyst
3423,Partial Resection of Liver
3431,Repair of Common Hepatic Duct
1705,Autism
3402,Inguinal Herniotomy
3404,Intestinal Fistula Repair
3408,Lingual Thyroid
3410,Mesenteric Cyst Excision
3433,Retroperitoneal Abscess Drainage
3436,Scalene Node Biopsy
3438,Sigmoid Colectomy
7560,Central Sleep Apnea
8722,Primary Progressive Multiple Sclerosis
3477,Intravenous Cannulation
7561,Central Vestibular Vertigo
8726,Problem Sleepiness
7562,Centrotemporal Epilepsy
7564,Cerebellar Astrocytoma
7565,Cerebellar Ataxia
8728,Progressive Spinobulbar Muscular Atrophy
8730,Prostate Biopsy
7567,Cerebral Artery Thrombosis
7568,Cerebral Astrocytoma
7569,Cerebral Atrophy
7573,Cerebral Vascular Disease
8737,Pseudotumor Cerebri
8738,Pseudotumoral Form of Multiple Sclerosis
8739,Psoriatic Arthritis
8741,Psychodynamic Therapy
8743,Psychogenic Headache
8745,Psychophysiological Insomnia
8746,Psycho Reactive Insomnia
8748,Psychotherapy Services
8749,Psychotic Disorders
8752,Pubovaginal Sling
8753,Pudenal Neuropathy
8754,Pudendal Neuralgia
8755,Pulmonary Arterial Hypertension
8758,Pulmonary Disease
2741,Balloon Sinuplasty
8759,Pulmonary Embolism
1773,Bariatric Surgery
8761,Pulmonary Hypertension
3526,Carotid Stenting
8764,Pulmonary Supravalvular Stenosis
8767,Pulmonary Valve Disease
8768,Pulmonary Valve Stenosis
4059,Balloon Mitral Valvotomy
4061,Balloon Tricuspid Valvuloplasty
3531,Cerebral Digital Subtraction Angiography
3543,Intracranial Aneurysm
3513,Intrathecal Baclofen Therapy
3448,Laceration Repair
3443,Submucous Cyst Excision
3455,Untwisting in Sigmoid Volvulus
3544,Intracranial Aneurysm Embolization
3545,Intracranial Angioplasty
3501,Permacath Insertion
3451,Total Gastrectomy
3452,Total Glossectomy
3393,Gastrostomy
7566,Cerebral Angiography
7575,Cerebrospinal Fluid Leak
8770,Pyloric Stenosis
8773,Radiation Induced Angiosarcoma
8776,Radical Nephrectomy
8782,Radiofrequency Ablation
8783,Radiofrequency Ablation for Barrett's Esophagus
8785,Radiofrequency Nerve Ablation
8786,Rasmussen Subacute Encephalitis
8787,Rasmussen's Syndrome
8788,Raynaud's Disease
8791,Reconstructive Foot Surgery
8792,Rectal Abscess
8793,Rectal Cancer
8794,Rectourethral Fistula
8796,Recurrent Headache
7576,Cerebrospinal Fluid Rhinorrhea
7577,Cerebrovascular Disease
7579,Cervical Block
8798,Refractory Anemia With Excess Blasts
6418,Barium Peroral Pneumocolon
6419,Barium Swallow
8800,Reiter's Syndrome
8802,Relationship Issues
8803,REM Sleep Behavior Disorder
7582,Cervical Epidural Steroid Injection
8805,Renal Artery Arteriosclerotic Disease
8806,Renal Biopsy
7584,Cervical Medial Branch Block
7586,Cervical Polyps
1140,Behavior Disorder
1141,Bell's Palsy
6416,Hypotonic Duodenography
1723,Biliary Atresia
3308,Biliary Manometry
6413,Barium Enema
2607,Biliary Stricture
6414,Barium Enteroclysis
3590,Brachial Plexus Injury
3591,Burr Hole Surgery
6417,Barium Meal
3598,Carpal Tunnel Syndrome
3599,Cerebral Contusion
6420,Barium Tube Esophagram
3610,Cervical Corpectomy
3617,Depressed Skull Fracture
3352,Biliary SEMS
3652,External Lumbar Drain
3589,Bone Flap Removal
3651,External Ventricular Drain
1617,Prostate Enlargement
3565,Spinal Embolization
3569,Tumor Embolization
3547,Intracranial Stenting
6421,Upper Gastrointestinal Series
3557,Nerve Biopsy
3562,Peripheral Artery Embolization
3566,Spinal Angiography
3573,Venous Stenting
215,Bionic Ear
3454,Umbilectomy
7588,Cervical Spine Disorders
8811,Resistant Hypertension
7589,Cervical Spine Reconstruction
7591,Cervical Spondylitis
8812,Respiratory Failure
1590,Birth Defects
8816,Retina Diseases
8817,Retinal Cancer
8818,Retinal Macoaneurysm
8819,Retinal Migraine
8820,Retinal Tear
8821,Retinal Vein Occlusion
8824,Retinopathy of Prematurity
8826,Retrobulbar Neuropathy
8828,Rheumatic Pericarditis
8831,Rib Fracture
8832,Rigid Sigmoidoscopy
7597,Chemical Addiction
7598,Chemical Burn
8836,Rotator Cuff and Labral Repair
8837,Rotator Cuff Injuries
8838,Rotator Cuff Surgery
8839,Rotator Cuff Tear
8841,Saccular Aneurysm
1661,Birth Defect Surgery
3712,Congenital Defect Repair
8844,Sarcoidosis of the Optic Nerve
8847,Scaphoid Fractures
8848,Scapular Fracture
3666,Intracerebral Haemorrhage
3734,Surgery for Spasticity
3661,Ganglion Block
1495,Birthmark Removal Surgery
3706,Posterior Fossa Tumor
3653,Extradural Haematoma
3702,Percutaneous Pedicle Screw Fixation
3683,Lumbar Sympathetic Block
3672,Peripheral Joint Injection
3711,Radiofrequency Ablation
3715,Scalp Abscess
3690,Nerve Exploration
3691,Nerve Transplant
3693,Nerve Transposition
3695,Neurofibroma Excision
3662,Spinal Tumor
3659,Frontal Sinus Surgery
3697,Neurolytic Block
3735,Syringosubarachnoid Shunt
2934,Ulcer Biopsy
3705,Posterior Fixation
3736,Syringoperitoneal Shunt
3737,Temporal Lobectomy
3738,Transoral Biopsy
3742,Untethering Cord
8851,Schizoaffective Disorder
8852,Schizoid Personality Disorder
8855,Scissoring Gait
7593,Cervicitis
7596,Chalazion
8833,Ringworm
8834,Rosacea
7605,Chiari Malformation
8858,Seasonal Affective Disorder
8860,Seborrheic Keratosis
7607,Chiari's Deformity
8861,Secondary Dystonias
8863,Secondary Hyperparathyroidism
8864,Secondary Hypertension
8865,Secondary Insomnia
8867,Secondary Osteoporosis
8869,Secondary Restless Leg Syndrome
8870,Second Degree Burns
8874,Self Esteem Problems
8875,Self Injury Behavior
8876,Senile Osteoporosis
8878,Sensory Ataxia
8879,Sensory Neuropathy
8880,Separation Anxiety
8881,Septal Defect
117,Bladder Problem
1303,Bladder Stones
8883,Severe Headache
8884,Sexual Disorders
8885,Sexual Dysfunction
8886,Shift Work Sleep Disorder
8888,Short Stature
8889,Shoulder Disorders
8890,Shoulder Fracture
8892,Shoulder Injuries
8893,Shoulder Labral Tear
8894,Shoulder Muscle Strain
8896,Shoulder Sprain
8897,Shoulder Stabilizations
8898,Shoulder Surgery
8899,Shoulder Tendinitis
8900,Sickle Cell Disease
8902,Simple Fractures
8906,Sinus Cancer
8907,Sinus Problems
8908,Sj√∂gren's Syndrome
3828,K Wire Fixation
8916,Sleep Disturbance Related Fibromyalgia
652,Blood in Semen
655,Blood in Stool
658,Blood in Vomit
3761,Gastric Emptying Study
3788,Radionuclide Esophageal Transit Study
3787,Radionuclide Cisternography
3790,Radionuclide Venography
3791,Renal Captopril Study
8917,Sleep-Related Epilepsy
8918,Sleep Talking
8919,Sleep Walking
8920,Sleeve Gastrectomy
8922,Social Anxiety Disorder
8924,Soft Tissue Biopsy
8925,Soft Tissue Sarcoma
8927,Spastic Gait
1554,Blood Cancer
8930,Spinal Bulbar Motor Neuropathy
8932,Spinal Compression Fracture Repair
8935,Spinal Cord Stimulation
8856,Scleroderma
8941,Spinal Instability
8943,Spinal Muscular Atrophy
8944,Spinal Nerve Block
8945,Spinal Reconstruction
8947,Spinal Rigidity
8949,Spinal Tuberculosis
8950,Spinal Tumor Surgery
8951,Spine Deformities
8952,Spine Dislocation
8953,Spleen Cancer
8955,Split Spinal Cord Malformation
8960,Sporadic Colorectal Cancer
8961,Sports Injury
8965,Stellate Ganglion Block
8966,Stenting of Intracranial Vessels
8967,Steppage Gait
8968,Stereotactic Radiosurgery
8969,Sternum Fracture
8970,Steroid Injection
8971,Stiff Man Syndrome
8973,Stomach Cancer
8977,Stress Management
8980,Subacromial Bursitis
8982,Subconjunctival Hemorrhage
3867,Congenital Talipes Equinovarus
8983,Subdural Hemorrhage
3860,Skin Grafting
8985,Subungual Hematoma
3882,Curettage and Bone Grafting
3905,Cubital Tunnel Syndrome
111,Blood Sugar
3887,Endoscopic Carpel Tunnel Release
3936,External Fixation Pelvis
3900,GCT Bone
3875,External Fixation
3859,Ilizarov Fixator Application
3896,Joint Leveling
3907,Olecranon Bursitis
3886,Open Reduction of Dislocation
3903,Radial Clubhand
3959,Sacroiliac Joint Disruption
3893,Tendon Grafting
3861,Myocutaneous Flap
3889,Nerve Repair
3938,Si Joint Fixation
8988,Superficial Thrombophlebitis
8991,Suprarenal Aneurysm
8992,Surgical Biopsy
8995,Sydenham Chorea
8996,Symptomatic Menopause
7112,Breast Conserving Surgery
8998,Systemic Chondromalacia
8999,Systemic Sclerosis
9000,Systemic Vasculitis
9001,Takayasu's Arteritis
9002,Tardive Dystonia
9004,Taste Disorder
9006,Tear Duct Disorders
9007,Teeth Scaling
9009,Temporal Arteritis
9012,Temporal Lobe Epilepsy
9014,Tendon Injuries
8954,Splenorrhaphy
8940,Spinal Fusion
9008,Teeth Whitening
1473,Breast Reduction Surgery
9017,Tension Myositis-Related Fibromyalgia
9019,Tetralogy of Fallot
1533,Brachial Plexus Surgery
9022,Therapeutic Colonoscopy
9023,Third Degree Burns
9026,Thoracic Cancer
9027,Thoracic Epidural Steroid Injection
9028,Thoracoabdominal Aortic Aneurysm
9030,Thoracoscopic Segmentectomy
9031,Thoracoscopic Wedge Resection
33,Breast Lump Removal
4005,Clavicular Nonunion
3993,Shoulder Resurfacing
4032,Hamstring Lengthening
9042,Thymus Cancer
9047,Tibia Fracture
4001,Humeral Fracture
3997,Implant Removal
9050,Temporomandibular Joint Disorder
4021,Joint Aspiration
4041,Osteochondral Fracture
3971,McLaughlin Procedure
4039,Meniscal Transplant
2520,Breast Lift Surgery
1534,Breast Reconstruction Surgery
4269,Osteotomy Hip
4036,MCL Repair
4037,Patellar Dislocation
4031,Patellar Tendon Avulsion
4024,Osteotomy Femur
4011,Plaster Application for Fracture
3996,Reverse Shoulder Replacement
4015,Scapulothoracic Bursoscopy
4014,Shoulder Reconstruction Surgery
4016,Scapular Osteotomy
4013,Shoulder Tumour Excision
3994,Total Shoulder Arthroplasty
9052,Tongue Cancer
9053,Tooth Abscess
9054,Tooth Decay
9055,Tooth Discoloration
9056,Torsion Dystonia
9059,Total Shoulder Replacement
9061,Toxic Polyneuropathy Due to Acrylamide
9063,Trachea Cancer
9065,Tracheal Resection
9070,Transcranial Magnetic Stimulation
9071,Transduodenal Sphincteroplasty
9073,Transient Ischemic Attack
9075,Transitional Cell Cancer
9076,Transitional Cell Carcinoma
9080,Traumatic Injuries
9083,Tricuspid Valve Disease
9084,Tricuspid Valve Repair
9088,Trochanteric Bursitis
9024,Thoracentesis
9036,Thrombocytosis
9037,Thrombolysis
9038,Thrombophlebitis
9094,Tumor Ablation
9096,Ulcerative Colitis
9097,Ulcerative Proctosigmoiditis
9098,Ulnar Neuritis
9099,Ulnar Neuropathy
1314,Broken Hip
1317,Broken Ribs
1320,Broken Tooth
9143,Vaginal Birth After Cesarean 
4128,Hallux Valgus Treatment
9122,Undescended Testicles
9124,Unstable Angina
9126,Upper Extremity Fracture
9127,Urachal Cancer
9128,Uremic Pericarditis
9131,Urethral Sling
4112,Cavus Foot Surgery
4133,Cleft Foot Surgery
4146,CRIF Tibia
4131,Macrodactyly Surgery
4111,Osteotomy Ankle
4114,Osteotomy Foot
4078,Pediatric Echo
4130,Syndactyly Release
4140,Tendon Lengthening of Leg
4137,Tendon Repair of Leg
690,Burning Throat
9132,Urethral Stricture
9134,Urinary Incontinence Surgery
9135,Urinary Stones
9137,Uterine Cancer
9138,Uterine Fibroids
9139,Uterine Hemorrhage
9142,Vaginal and Pelvic Prolapse
9144,Vaginal Cancer
9145,Vaginal Candidiasis
9146,Vaginal Delivery
9147,Vaginal Fistula
9149,Vaginal Prolapse
9150,Vaginal Prolapse Surgery
9157,Vascular Headache
9158,Vascular Neuropathy
9161,Vein of Galen Aneurysm
9162,Venous Embolism and Thrombosis
9163,Venous Hypertension
9165,Venous Thrombosis
9166,Venous Thrombosis and Phlebitis in Pregnancy
9168,Ventricular Fibrillation
9171,Vertebral Artery Dissection
9174,Vertebral Fracture
9175,Vesicocolic Fistula
9176,Vesicovaginal Fistula
9178,Vestibular Schwannoma
687,Brown Vaginal Discharge
9180,Video Assisted Thoracoscopic Thymectomy
9183,Viral Pericarditis
9184,Virtual Colonoscopy
9186,Viscosupplementation with Hyaluronate
9187,Vision Disorders
9189,Visual Migraine
9095,Tylectomy
1224,Bronchitis
9190,Visual Pathway and Hypothalamic Glioma
9191,Vitamin B Deficiency
9193,Vitreous Hemorrhage
691,Burning Urination
9195,Vocal Cord Hemorrhage
9196,Vocal Cord Paralysis
9199,Vulvar Diseases
9201,Warm Autoimmune Hemolytic Anemia
4196,Discoid Meniscectomy
4182,Dislocated Knee
4171,Genu Recurvatum
9203,Wear and Tear Arthritis
9156,Varicose Vein Surgery
4283,Hip Arthroscopy
1491,Acne Scar Reduction Surgery
9167,Ventricular Assist Device
7660,Colectomy
9204,Wegener's Granulomatosis
9206,Whooping Cough
9207,Wrist Fracture
9208,Wrist Injuries
9209,Wrist Reconstruction
4197,Meniscal Repair
9210,Wrist Surgery
4189,Osteochondritis Dissecans
9213,Yeast Infections
4190,Arthrodesis - Knee
4157,Osteotomy Leg
4239,Osteotomy Thigh
4156,Osteotomy Tibia and Fibula
3360,Abdominoperineal Endoanal Pull
1963,Acute Respiratory Distress Syndrome
1276,Addiction Treatment
2111,Adrenal Disorder
1212,Angina Pectoris
4124,Ankle Arthroscopy
3602,Anterior Cervical Fusion
615,Aphthous Stomatitis
3299,Argon Plasma Coagulation
4121,Arthrodesis - Ankle
4319,Arthrodesis - Spine
2618,Atlantoaxial Surgery
1498,Brain Haemorrhage
1369,Breast Cancer Male
2381,Cartilage Repair
4284,Arthroscopic Debridement Hip
3158,Cricotracheal Resection
1254,Dysfunctional Uterine Bleeding
4335,Fenestration Surgery
1730,Image Guided Radiation Therapy
4325,Kyphosis Correction
7214,Medical Termination of Pregnancy
4270,Osteotomy Acetabulum
4293,Pelvic Osteotomy
4332,Rib Thoracoplasty
4294,SIJ Arthrodesis
4333,Spinal Discogram
4295,Pelvic Biopsy
4422,Elbow Dislocation
4399,External Fixator Application
9200,Vulvectomy
110,Insulin
29,Weight Loss Surgery
1272,Abortion Surgery
2753,Root Canal Treatment
222,Hearing Aid
349,Plastic Surgery
88,Radiation Therapy
183,Botox
256,Transurethral Resection of Prostate
299,Oophorectomy
310,Ovarian Cyst Removal
513,Lumbar Puncture
223,In Vitro Fertilisation
233,Total Knee Replacement
296,High Risk Pregnancy
4427,Lateral Condyle Fracture
4421,Myositis Ossificans Removal
4402,Osteotomy Humerus
4367,Osteotomy Shoulder
4430,Radial Head Dislocation Reduction
4432,Radial Head ORIF
4359,Shoulder Dislocation
4400,Supracondylar Osteotomy
1252,Urinary Tract Infection
142,Vein Correction Surgery
3890,Cable Grafting
4437,Arthrodesis - Elbow
4486,De Quervain's Release Surgery
4504,Distal Radius Fracture
4505,Distal Radius ORIF
695,Cachexia
1284,Amniocentesis
1367,Magnetic Resonance Imaging
7927,Extraction of Wisdom Tooth
1419,Pregnancy with PCOD
1477,Rhinoplasty
1565,Nose Job
1605,Laser Prostatectomy
2246,Robotic Surgery
8263,Laminectomy
2336,Colonoscopy
8272,Laser Hair Removal
8417,Mohs Surgery
2764,Cardioversion
8456,Nasal Septum Surgery
3274,Sigmoidoscopy
8830,Rhytidectomy
9148,Vaginal Hysterectomy
9152,Vagus Nerve Stimulation
9233,Brain Mapping
9235,Otoplasty
9215,Cancer Screening
344,Pregnancy - Normal Delivery
9214,Chemoport
9220,Cervical Cerclage
1475,Liposuction
8448,Myomectomy
1363,Liver Transplant
2230,Endoscopy
274,Kidney Transplant
2643,Abdominoplasty
92,Sinus Surgery
9229,Discectomy
9221,Lung Transplant
7234,Cyberknife
2543,Thoracoscopy
1204,Thyroidectomy
1396,Vasectomy
7984,Flexible Sigmoidoscopy
1380,PET Scan
1676,Dialysis
53,Ligament and Tendon Repair
235,Total Hip Replacement
8011,Gamma Knife Radiosurgery
319,LASIK
4374,Shoulder Arthroscopy
3473,PICC Line Insertion
3474,PICC Line Repair
9231,Esophageal Manometry
9218,Bone scan
9217,Brain Surgery
9224,Face Transplant
4476,Non Union of Bones
4479,Osteotomy Forearm
4518,Osteotomy Hand
4517,Osteotomy Metacarpal
4439,Physeal Stapling
4489,Trigger Finger Release
4526,Arthrodesis - Hand
4527,Arthrodesis - Wrist
4591,Cast Removal
4558,Dressing of Wound or Infection
4616,Excisional Biopsy
4581,Hip Spica Cast
4593,Manipulation Under Anesthesia
4537,Nerve Decompression
4536,Proximal Row Carpectomy
4611,Krukenberg Procedure
4540,Nerve Grafting
4585,Skeletal Traction
4539,Transposition Of Nerve
2275,Cardiac Electrophysiology
5183,Cardiac Profile Test
4668,Centralization of Ulna
45,Intestinal Cancer
4062,Pediatric Cardiac Catheterization
4650,Plate Removal Surgery
4629,Reversed Radial Forearm Flap
4667,Steindler's Flexoroplasty
4647,TENS Removal
4531,Pollicization
3595,Callosotomy
9236,Heart
9237,Kidney
9238,Brain
9241,Oral Candidiasis
9245,Digestive System
329,Cancer Surgery
5059,Cannabinoids Screen
3943,Cannulated Screw Fixation
1323,Dog Bite
1210,Carbon Monoxide Poisoning
154,Cardiac Arrest
176,Cardiac Arrhythmia
4646,External Fixator Removal
155,Cardiovascular Disease
4588,Halo Pelvic Traction
3479,Intrathecal Chemotherapy
3486,Intravesical Chemotherapy
707,Cervical Pain
3608,Cisternal Puncture
9216,Sleep Study
712,Chronic Cough
4989,Basophil Count
4533,Cleft Hand Surgery
3161,Cleft Lip Surgery
3160,Cleft Palate Surgery
2349,Clinical Hematology
9246,Dermabrasion
9250,Skin Cancer Surgery
59,Back Pain Surgery
9248,Prostate Cancer Surgery
9227,Gastric Bypass Surgery
5001,Radical Prostatectomy
2189,Cochlear Implants
9225,Neurotomy
9226,Vasectomy Reversal
9247,Lipectomy
9230,Cryotherapy
9249,Spinal Tap
3849,Fixation Of Sacroiliac Joint Disruption
3841,Interlocking Nailing of Femur
3837,Internal Fixation Tibial Plateau
3371,Loop Colostomy
5008,Bone Marrow Aspiration
5009,Bone Marrow Biopsy
1521,Clinical Internal Medicine
4503,Closed Reduction of Distal Radius
5114,Complement Profile
5087,Storage Disorder
4500,Wrist Dislocation Reduction
5207,Cold Agglutinin Disease 
1555,Cord Blood Transplantion
4065,Coronary Artery Fistula
4064,Pulmonary Arteriovenous Fistula
716,Cloudy Urine
5206,Cocaine Metabolites
718,Cold Feet
720,Cold Hands
1153,Cold Sores
4342,CRIF Clavicle
4228,CRIF Femur
4364,CRIF Shoulder
1960,Critical Care
5154,CSF Analysis
5274,eGFR Test
5276,ENA Profile
255,Penis Curvature Correction Surgery
229,Cosmetic Surgery
5232,D-Dimer Test
2772,Dental Bleaching
2777,Dental Bone Grafting
9240,Lung
2929,Dental Ceramic Crown
2791,Dental Crown
2812,Dental Flap Surgery
2794,Dental Curettage
2782,Dental Composite Filling
2800,Denture - Additional Tooth
2804,Diastema Closure
2814,Dental Frenectomy
2828,Dental IMF
2862,Dental Orthodontic Treatment
2868,Dental Orthopantomogram
2870,Dental Perforation Repair Surgery
2872,Periodontal Curettage
1428,Diagnosis for PCOS
5260,Differential Blood Count
5263,Dihydrotestosterone
1322,Diverticular Disease
454,Diabetic Neuropathy
2341,Chemotherapy
458,Diastolic Blood Pressure
1319,Dislocated Shoulder
771,Dry Heaving
756,Double Vision
1618,Penile Implant
2388,Peripheral Nerve Lesion
765,Pus Drainage
2974,Drooling Surgery
769,Dry Eye
770,Dry Flaky Scalp
734,Dry Mouth
775,Dry Vagina
1684,Pediatric Urology
2401,Phaco Surgery
3631,Endoscopic Aqueductoplasty
3641,Endoscopic Biopsy
202,ENT Surgery
3040,Endoscopic Optic Nerve Decompression
2925,Dental Implant
4403,Epicondyle Removal
5878,Prothrombin Time 
3645,Entrapment Neuropathy Decompression
5891,Pearl's Stain
5895,Peripheral Blood Smear
6001,Sickling Test
6016,Stool Analysis
6162,PH Body Fluids
3646,Epidermoid Cyst
3178,Epistaxis Mucosal Grafting
6283,Palliative Radiation
3205,Epley Maneuver
3293,Esophageal Prosthesis
6425,Dye Study Enema
818,Farting Problem
819,Fat Removal
825,Feet Problem
4245,Femoral Reconstruction
7128,Fetal Medicine
6440,Hysterosalpingogram 
6442,Micturating Cystourethrogram
2799,Denture
840,Frequent Urination - Men
824,Uptight Feeling
3099,Facial Nerve Decompression
3657,Far Lateral Approach
821,Fear Syndrome
3658,Cranial Nerve Schwannoma
421,Foot Disease
837,Foul Smelling Urine
839,Frequent Bowel Movement
5393,Intraoperative Cytology
826,Finger Numbness
3154,Flexible Bronchoscopy
3206,Flexible Laryngoscopy
832,Foamy Urine
2498,Foetal Medicine
833,Food Aversion
1329,Foot Drop
834,Foot Pain
835,Foot Swelling
841,Fungal Infection
4487,Ganglion Excision
5491,Granulation Tissue Surgery
5473,CSF Glucose
842,Fuzzy Thinking
844,Genital Itching
848,Gland Swelling
859,Gum Tumor
219,Hearing Problem
2247,High Intensity Focussed Ultrasound 
177,Heart Failure
73,Heart Surgery
71,Heat Stroke
128,Hole in Heart
2107,Hormonal Imbalance
5600,IBD Profile
3764,HIDA Scan
5513,Herpes Simplex Virus Type 2 
1626,Hip Resurfacing
1782,Obesity Surgery
2068,Holistic Medicine
3671,Intrathecal Pump Implant
3670,Intrathecal Injection
7100,DEXA Scan
7062,Gynaecomastia Excision
7066,Gynecomastia Excision
7057,Inverted Nipple Surgery
7074,Nipple Reconstruction
7078,Reduction Mammoplasty
7095,Upper Gastrointestinal Endoscopy
7053,Axillary Clearance
7103,Clinical Pathology
7111,Functional Neurosurgery
7073,Modified Radical Mastectomy
7109,Neuro Psychiatry
7110,Neuro Rehabilitation
7050,Skeletal Survey
7084,Wide Local Excision
900,Joint Ache
6426,Nephrostogram
7167,Pediatric Hepatology
7169,Pediatric Nephrology
7172,Pediatric Orthopaedics
7159,Neuro Cancer
3406,Jejunal Interposition
3359,Zenker's Diverticulum
4119,Arthrodesis - Foot
3984,Arthroscopic Debridement Ganglion Cyst
4200,Arthroscopic Debridement Knee
4043,Plica Excision
4375,Arthroscopic Debridement Shoulder
3972,Arthroscopic Latarjet
653,Blood in Spit
1493,Botox / Fillers For Wrinkles
2419,Chronic Kidney Disease 
5202,Chronic Meningitis
3603,Posterior Cervical Fusion
5197,Cholesterol HDLC Ratio
3606,Chronic Subdural Haematoma
1647,Congenital Subglottic Stenosis
3637,Endoscopic Endonasal Odontoidectomy
3640,Endoscopic Transsphenoidal Surgery
5667,KRAS Mutation Analysis
5676,LDL Cholestrol
5677,LDL Subfraction
928,Loose Bowel Movement
953,Maroon Stool
2896,Removable Partial Denture
1864,Marital Therapy
3100,Facial Nerve Repair
817,Eyelid Twitch
811,Eye Pain
813,Eye Puffiness
814,Eye Redness
815,Eye Swelling
5422,Gallstone Analysis
5587,ELISA Test
1169,High Cholesterol
236,Hip Fracture
5637,Immature Platelet Fraction 
2568,Limb Deformities
2695,Left Ventricular Reconstruction
940,Loss of Sleep
941,Loss of Strength
942,Loss of Temperature Sensation
943,Loss of Vision
5812,Neuron Specific Enolase
5815,Nucleated RBC
5888,Pancreatic Elastase
5837,PAS Stain
1802,Patent Ductus Arteriosus
1917,Menstrual Disorders
1727,Paediatric Thoracoscopy
1759,Pain Management
5198,Cholestrol
3605,Laminotomy
1624,Partial Hip Replacement
945,Low RBC Count
9269,Transcatheter Aortic Valve Implantation
5831,Pancreatic Polypeptide
962,Metallic Taste
5776,Monocyte Disorder
965,Mouth Odour
3186,Nasopharyngeal Stenosis
968,Muscle Weakness
970,Nail Infection
3173,Nasal Valve Repair
983,Numb Toes
4320,Osteotomy Spine
1761,Pediatric Opthalmology
2541,Pancreatic Tumor
981,Numb Tongue
3700,Orbital Tumor
7166,Paediatric Hepatology
1767,Paediatric Otorhinolaryngology
1756,Paediatric Respiratory Problems
3852,Patella Fracture
1686,Pediatric Plastic Surgery
1672,Pediatric Surgery
5853,Plasma Renin Activity
5912,Prolymphocytic Leukemias
2424,Plasma Exchange
5915,Prostatic Core Biopsy
5920,Pus Removal
2658,Preventive Medicine
5925,RBC Count
6012,Spinocerebellar Ataxia
5946,Renal Function Test
1060,Smelly Urine
1061,Smelly Vaginal Discharge
542,Sore Throat
1067,Speech Impediment
4384,Tendon Transfer in Arm
4143,Tendon Transfer in Leg
4670,Tumour Excision
1101,Turbid Urine
3104,Tympanic Neurectomy
14,Umblical Hernia
1106,Unsteady Gait
1992,Misarticulation
1000,Paresthesia
3437,Scalenotomy
1030,Reflux
2061,Septotomy
539,Sneezing
471,Snoring
3028,Turbinectomy
1103,Tussis
3210,Tympanometry
67,Typhoid
3192,Uncinectomy
9275,Skin
9276,Spine
9277,Eye
9280,Unconsciousness
9284,Loss of Appetite
9286,Deranged KFT
9287,Creatinine high
9288,Stomach Infection
2516,Lithotripsy
5833,Pap Smear
2307,Arthroscopy
7662,Colon Resection Surgery
7399,Hip Arthroplasty
1574,Hip Replacement
7533,Cardiac Ablation
238,Anterior Cruciate Ligament Reconstruction
9285,Cardiac Blockage
9291,Liver Problem
9282,Vocal Chord Choking
7613,Cholecystitis and Gallstones
7621,Chronic Appendicitis
9267,Cardiothoracic Surgery
129,Congenital Heart Disease
106,Gastro Problem
105,Digestive Diseases
23,Pilonidal Cyst
44,Surgical Resection of Intestine
76,Heart Problem
12,Tailbone Surgery
7250,Abdominal Cancer
7629,Chronic Graft versus Host Disease
7633,Chronic Inflammatory Demyelinating Polyradiculoneuropathy
7644,Chronic Tension-Type Headache
7650,Clear Cell Adenocarcinoma
7654,Coagulation Disorders
7657,Cognitive Behavioral Therapy
7666,Colonoscopy with Polypectomy
247,Fracture Repair Surgery
216,Loss of Hearing
7258,Accelerated Hypertension
185,Laser Surgery
137,Neuro Radiology
245,Tibial Colleteral Ligament Surgery
7671,Common Migraine
7675,Complex Fractures of the Periarticular Region
7684,Complications of Joint Prosthesis
7690,Congenital Aneurysms
7694,Paediatric Congenital Heart Defect
7697,Congenital Mitral Stenosis
7700,Congenital Muscular Dystrophy With Syringomyelia
295,Childbirth Surgery
389,Dental Caries
378,Heart Disease
266,Kidney Stent Removal
254,Penile Modification Surgery
7269,Actinic Keratosis
7701,Congenital Neuropathy With Arthrogryposis Multiplex Congenita
7706,Continuous Spike-Wave During Slow Sleep Syndrome
7712,Coronary Atherectomy
572,Abnormal Vaginal Bleeding
7713,Coronary Atherosclerosis
573,Abnormal Vaginal Discharge
7724,Cranial Stereotactic Radiosurgery
7734,Cryoablation of Prostate
7224,Egg Freezing
440,Immune System Disorder
453,Diabetic Foot
431,Skin Cancer
410,Tooth Infection
7744,Cyclothymia
5,Hernia Surgery
9279,Cataract Surgery
9254,Bladder Cancer Surgery
2452,Pulmonary Function Test
9281,choking
9283,gastritis
9289,Piles
9292,Ascites
7747,Cystic Fibrosis
7752,Deep Vein Thrombosis
7756,Degenerative Scoliosis
7759,Delayed Sleep Phase Disorder
7761,Demyelinating Polyneuropathy
7289,Adolescent Idiopathic Scoliosis
3304,Achalasia Cardia Dilatation
122,Kidney Cancer
666,Bloody Vaginal Discharge
629,Balance Disorder
546,Health Checkup
7226,Newborn Intensive Care Unit
606,Swollen Tongue
7768,Dental Filling
7774,Deposition Disease-Related Fibromyalgia
7293,Adrenogenital Disorders
7302,AL Amyloidosis
7779,Destruction of Vaginal Lesion
7782,Deviated Septum
7786,Diabetic Polyneuropathy
742,Dark Stool
4008,AC Joint Reconstruction
723,Difficulty in Concentrating
760,Discolored Tongue
740,Flaky Scalp
743,Hearing Loss
804,Increased Appetite
697,Leg Pain
780,Menstrual Cramps
726,Nasal Congestion
708,Neck Pain
727,Stuffy Nose
7313,Amyotrophic Lateral Sclerosis 
7314,Anal Abscess
7316,Anal Fistula
7319,Anaplastic Oligodendroglioma
7800,Displaced Bone in Foot
7801,Displaced Bone in Hand
7802,Displaced Bone in Neck
862,Hairy Tongue
7803,Displaced Bone in Spine
7804,Displaced Bone in Wrist
7806,Displaced Sesamoid Bone
887,Increased Respiratory Rate
7222,Embryo Cryopreservation
890,Ingrown Nail Removal
905,Lack of Energy
891,Inhibited Sexual Desire
892,Intention Tremor
906,Lack of Sleep
903,Joint Swelling
930,Loss of Balance
914,Leg Sores
7823,D-Positive Hemolytic Uremic Syndrome
7829,Drug Induced Osteoporosis
7835,Dupuytren's Contracture
7840,Dysthymia
986,Overactive Bladder
7228,Surgical Sperm Retrieval
1010,Poor Appetite
1023,Rapid Breathing
1045,Shaky Hands
1055,Sleep Difficulty
7336,Ankle Laxity
7339,Ankle Misalignment
7852,Elbow Injuries
7856,Elbow Tenotomy
1171,Irritable Bowel Syndrome
1087,Temporomandibular Joint Pain
1160,Food Poisoning
1173,Lactose Intolerance
1186,Parkinson's Disease
1080,Suicidal Thoughts
1085,Tailbone Pain
1097,Tongue Paresthesias
1119,Vulvar Itching
7868,Endocrine Surgical Procedure
7872,Endometrial Hyperplasia
7876,Endoscopic Spinal Surgery
7880,Endoscopic Variceal Ligation
7884,End-Stage Renal Disease
7892,Enthesopathy of Knee
1297,Audiometry Test
1253,Cerebrovascular Accident
1250,Gouty Arthritis
1246,Pregnancy Induced Hypertension
1270,Chronic Obstructive Pulmonary Disease
1271,Tuberculosis Meningitis
1218,Lung Cancer
1214,Peptic Ulcer
1191,Premenstrual Syndrome
1208,Respiratory Alkalosis
7898,Epidural Steroid Injections
7904,Esophageal Aperistalsis
7912,Estrogen Replacement Therapy
7917,Excessive Sweating
7924,Exertional Hypertension
7929,Extrahepatic Bile Duct Cancer
7355,Anterior Horn Disease
1375,Obsessive Compulsive Disorder
1412,Polycystic Ovarian Disease 
1416,Menstrual Irregularities
1374,Nocturnal Enuresis
1435,Ovarian Dysfunction
1394,Uterine Prolapse
7942,Eyelid Inflammation
7946,Facet Joint Injection
7949,Facial Irregularities
7956,Familial Atrial Fibrillation
7361,Aorta-Pulmonary Artery Fistula
7961,Familial Hypercholesterolemia
7965,Familial Primary Hyperparathyroidism
1572,Congenital Problem of Hand and Wrist
1492,Dark Circle Reduction
1566,Facial Plastic Surgery
1529,Onco Plastic Surgery
1519,Tuberculosis
7365,Aortic Ectasia
1530,Reconstructive Surgery
1461,Spinal Stenosis
7969,Fear of Open Places
7974,Femoral Acetabular Impingement
7977,Fetal Left Ventricular Aneurysm
7988,Follicular Adenocarcinoma
7371,Aortoenteric Fistula
8001,Fracture Open Reduction and Internal Fixation
1585,Congenital Anomaly
8014,Ganglion Impar Block
8019,Gastric Lymphoma
1655,Male Infertility
1643,Paediatric Airway Foreign Body
1644,Subglottic Stenosis in Children
1656,Reconstructive Urology
8025,Gastroesophageal Reflux Disease
3866,Bone Biopsy
8027,Gastrointestinal Bleeding
8032,Generalized Anxiety Disorder
7377,Arterial Dissections With Lentiginosis
8047,Glossopharyngeal Neuralgia
8052,Group Psychotherapy
1800,Cardiothoracic and Vascular Disease
1743,Clotting and Bleeding Disorders
1774,GI Surgery
1789,Cosmetic Dermatology
1777,Maxillofacial Surgery
1755,Paediatric Allergy
1796,Rheumetic Interventions
8065,Hand Fracture
8070,Headaches - Shunt Related
8075,Benign Heart Tumor
8080,Hematologic Abnormalities during Pregnancy
8091,Hepatocellular Cancer
8097,"Herpes Infection of the Central Nervous System, Neonatal"
8103,Hidradenitis Suppurativa
8109,Hip Flexor Strain
8118,Human Immunodeficiency Virus
1927,Sexual Disease
1862,Emotional Development
1880,Physical Therapy
7394,Arthritis - Spine
7400,Arthroscopic Glenoid Labrum Repair
7401,Arthroscopic Knee Shaving
8133,Hypersensitivity Vasculitis
8136,Alcohol-Induced Hypertension
8139,Hypertensive Heart Disease
8140,Hypertensive Hypokalemia Familial
8149,Hysteroscopy Sterilization
8155,Idiopathic Parkinson's Disease
8163,Immune Thrombocytopenic Purpura
8171,Incontinence Sling Procedure
2036,Myelodysplastic Syndrome
2008,Conservative Surgery
7414,Asthma during Pregnancy
8175,Infectious Arthritis
8181,Inflammatory Neuropathies
8187,Insomnia with Sleep Apnea
8190,Internal Anal Sphincter Myopathy
8200,Intestinal Obstruction
8204,Intracranial Angioplasty With Stent Placement
8212,Intrauterine Growth Restriction
8221,Isolated Systolic Hypertension
2174,Inferior Vena Cava Filter
7421,Atopic Dermatitis 
7422,Atrial Cardiomyopathy With Heart Block
7426,Attention Deficit Hyperactivity Disorder
8227,Joint Disorders
8231,Juvenile Absence Epilepsy
8236,Juvenile Osteoporosis
8240,Juvenile Onset Dystonia
8247,Knee Debridement
8250,Knee Injuries
7435,Autoimmune Vasculitis
7436,Autologous Stem Cell Transplant
7440,Autonomic Neuropathy
8275,Lateral Collateral Ligament Tear
8276,Lateral Epicondylitis
2326,Gynae Oncology
2311,Endovascular Neurosurgery
2334,Nerve Disorder
2314,Urology Female
2359,Pediatric Epilepsy
8279,Leber Hereditary Optic Neuropathy
8287,Lichen Planus
8292,Lingual Dental Braces
8304,Lower Gastrointestinal Hemorrhage
8315,Lumbar Spinal Stenosis
8323,Lymphocytic Vasculitis
8328,Large Cell Lymphoma
2373,Diabetic Kidney Disease
2481,Psychosocial Stress Disorder
2414,Pediatric Cardiothoracic Surgery
2423,Renal Tubular Disease
2413,Pediatric Orthopaedic Surgery
2396,Rheumatic Disorders
1075,Stomach Upset
7447,Barrett's Esophagus
8347,Mantle Cell Lymphoma
8352,Mechanical Embolectomy
8355,Medial Collateral Ligament Sprain
8359,Malignant Mediastinal Tumor
7449,Basal Type Breast Cancer
8371,Meniscus Tear
8374,Merkel Cell Carcinoma
2598,GI and Hepatobiliary Surgery
2530,MIDCAB Surgery
2596,Facial Hyperpigmentation
2600,Tuberculosis Surgery 
2560,Interventional Paediatric Cardiology
2572,Paediatric Malignancy
2575,Prostate Disorder
2493,Speech Therapy
2514,Stem Cell Collection
7455,Benign Essential Tremor
7458,Benign Multiple Sclerosis
8379,Metastatic Bone Cancer
8384,Metastatic Nervous System Cancer
8387,Metastatic Soft Tissue Cancer
8396,Midfoot Fracture and-or Dislocation Surgery
7462,Benign Sex Headache
2641,Cancer Reconstruction Surgery
2621,Fracture Reconstruction Surgery
2683,Disc Replacement
2704,Pediatric Medical Oncology
2632,Transoral Robotic Surgery 
2685,Paediatric Gastroenterology
2693,Transfusion Medicine
8415,Mitral Valve Stenosis
7468,Bile Duct Cancer
7470,Biliary Cancer
8425,MSI L Colorectal Cancer
8427,Mucocutaneous and Ocular Herpes
8434,Multiple Miscarriages
8438,Muscle Contraction Headache
1287,Anal Fissure
8446,Myoclonus Epilepsy
1629,Ankle Replacement
2699,Anterior Segment Surgery
2743,Breast Enhancement Surgery
2725,Children Urinary Problem
2722,Deformity Correction Surgery
8465,"Neonatal Herpes, Type 2 Virus"
8467,Nerve Conduction Studies
8468,Nerve Destruction by Neurolytic Agent
8471,Nerve Root Block Biopsy
8477,Neuroendocrine Cancer
8481,Neuroleptic Induced Parkinsonism
8487,Spinal Neurostimulation
8493,Non Alcoholic Liver Disease
7479,Bladder Cancer
7485,Blood Pressure Management
7491,Borderline Personality Disorder
7495,Brachial Plexus Palsy
8503,Normal Pressure Hydrocephalus
8512,Obstructive Hydrocephalus
621,Arm Weakness
7502,Brainstem Strokes
8518,Ocular Myasthenia Gravis
8524,Open Reduction Internal Fixation of Hip Fracture
8525,Open Reduction Internal Fixation of Metatarsal Fracture
8533,Optic Neuropathy
8534,Opticoacoustic Nerve Atrophy Dementia
8543,Orthostatic Hypotension
8548,Osteoarthritis of Finger Joint
8549,Osteoarthritis of Hand or Wrist
8553,Osteoarthritis of Spine
8557,Osteoporosis Related to Cancer
8566,Ovarian Cysts
8571,Paediatric Kidney Disease
3008,Choanal Atresia
2939,Ear Lobe Repair
8574,Palate Cancer
4199,Arthroscopic Synovial Biopsy
2932,Botox Procedure
2995,Endolymphatic Sac Decompression Surgery
8577,Pancreatic Islet Cell Cancer
7523,Burn Injuries
7524,Burning Mouth Syndrome
8588,Paranasal Sinus Cancer
3209,Audiogram Test
8598,Paroxysmal Supraventricular Tachycardia
7527,Calcium Metabolism Disorders
7528,Calcium Pyrophosphate Dihydrate Deposition Disease
3066,Carotid Body Tumour
3027,Cautery of Turbinates
3106,Chemical Labyrinthectomy
3102,Congenital Aural Fistula
3083,Craniofacial Resection
3054,Cyst Aspiration
3082,Osteoplastic Flap Surgery
8610,Pediatric Hernia
3183,Anterior Skull Base Tumor Endoscopic Removal
8617,Pediatric Spinal Disorders
8618,Pediatric Spine Surgery
8619,Pediatric Thoracoscopy
7537,Cardiac Imaging
8637,Peripheral Arterial Aneurysm and Dissection
8638,Peripheral Arterial Embolism and Thrombosis
3195,Nose Foreign Body Removal
3164,Endoscopic Adenoidectomy
8644,Peripheral Neuropathy
3197,Oropharynx Foreign Body Removal
3977,Arthroscopic Subacromial Decompression
3141,Plunging Ranula Repair
3133,Medialisation Thyroplasty
3985,Suprascapular Nerve Release
3168,Monopolar Cautery Turbinate Reduction
3136,Tracheal Stoma Closure
3147,Tracheoesophageal Fistula Repair
3152,Vallecular Cyst Excision
3287,Ascitic Tapping
7542,"Cardioversion, Elective"
8666,Platelet Rich Plasma Injection
8673,Polyarteritis Nodosa
8689,Port Placements or Replacements
8694,Posterior Cruciate Ligament Injuries
7549,Excision of Infected Graft
8696,Postherpetic Neuralgia
8705,Post Traumatic Headache
3328,Nasojejunal Tube Placement
3268,Sebaceous Cyst Excision
3330,Nasogastric Tube Placement
3237,Pure Tone Audiometry
7552,Carpal Tunnel Release
8710,Premenstrual Dysphoric Disorders
3373,Colon Replacement Surgery
8721,Primary Osteoporosis
3357,Bioenteric Intragastric Balloon
3382,Epigastric Hernia
3411,Pancreatic Necrosectomy
3414,Open Removal of Foreign Body Esophagus
3434,Rib Resection
3397,Highly Selective Vagotomy
3427,Rectal Prolapse Repair
7559,Central Nervous System Vasculitis
8725,Primary Restless Leg Syndrome
8727,Progressive Spinal Muscular Atrophy
8729,Progressive Supranuclear Palsy
7572,Cerebral Palsy Dystonia
8740,Psychiatric Diseases
8744,Psychopharmacologic Treatment
8750,Percutaneous Transluminal Coronary Angioplasty
8756,Pulmonary Arteriovenous Aneurysm
8763,Pulmonary Sarcoidosis
8769,Pulmonary Venous Hypertension
4060,Balloon Pulmonary Valvuloplasty
3499,Internal Jugular Vein Catheterization
3498,Femoral Catheterization
3442,Submandibular Sialadenectomy
3453,Tube Caecostomy
8771,Pyogenic Arthritis
8774,Radiation Induced Meningioma
8784,Radiofrequency Catheter Ablation
8789,Reactive Attachment Disorder
8795,Rectovaginal Fistula
8797,Reflex Sympathetic Dystrophy
8799,Refractory Epilepsy
8801,Relapsing Remitting Multiple Sclerosis
8807,Renal Hypertension
2671,Behavior Modification
8809,Repair Intracranial Aneurysm
3593,Cerebellopontine Angle Syndrome
3615,Decompressive Duraplasty
2645,Biomechanics and Gait Analysis
3568,Transcranial Doppler 
3551,Muscle Biopsy
7587,Cervical Radiculopathy
8810,"Resection or Ablation of Bone Tumor, Partial or Complete Resection of Bone, Debridement of Bone"
8813,Respiratory System Cancer
7592,Cervical Spondylolisthesis
8822,Retinitis Pigmentosa
8829,Rheumatoid Vasculitis
8835,Rotational Atherectomy
8840,Ruptured Aneurysm
8843,Salivary Gland Cancer
8849,Scar Revision Surgery
3664,Intracranial Presssure Monitoring
3752,Brain Spectroscopy
3692,Nerve Block
3680,Lumbar Fenestration
3718,Skull Traction
3741,Trigger Point Injection
8854,Schizophreniform Disorder
7606,Paediatric Chiari Malformation
8862,Secondary Fibromyalgia
8866,Secondary Malignancies
8872,Segmental Dystonia
8877,Sensorineural Deafness
8882,Seronegative Arthritis
643,Bleeding Gums
8891,Shoulder Impingement Syndrome
8895,Shoulder Reconstruction
8901,Sideroblastic Anemia
8909,Skin Infections
8913,Skull Fracture
8914,Sleep Apnea
8915,Sleep Apnea of Infancy
451,Low Blood Pressure
3843,K Wire Removal
8929,Spina Bifida
8934,Spinal Cord Disorders
8939,Spinal Fracture
8942,Spinal Internal Fixation
8946,Spinal Reconstructive Surgery for Deformities
664,Bloody Mucus
8962,Squamous Cell Carcinoma
654,Bloody Sputum
8972,Still's Disease
8981,Subarachnoid Hemorrhage
8984,Substance Abuse
3898,DRUJ Instability
3939,Bone Grafting
3923,Kneecap Dislocation
3908,Proximal Humeral Fracture Fixation
3906,Radial Tunnel Syndrome
8994,Swallowing Disorders
8997,Synovial Biopsy
3987,Arthroscopic Anterior Stabilisation
9010,Temporal Artery Biopsy
9016,Tension Headache
9021,Therapeutic Apheresis
9025,Thoracic Aortic Aneurysm
9029,Thoracoscopic Lobectomy
4340,Posterior Lumbar Interbody Fusion 
9048,Tic Disorders
4033,Knee Flexion Contracture Treatment
9051,Toe Fractures
3968,Bristow Latarjet Procedure
4025,Osteotomy Tibia
4022,Periprosthetic Fracture
4012,Shoulder Arthrodesis
2494,Brittle Asthma
9060,Tourette's Syndrome
9064,Tracheal Reconstruction
9072,Transforaminal Epidural Block
9082,Tricuspid Valve Atresia
9085,Tricuspid Valve Stenosis
9086,Trigeminal Neuralgia
9089,Truncus Arteriosus
9090,Tubal Ligation
9091,Tuberous Sclerosis
9093,Tumidus Lupus Erythematosus
1313,Broken Finger
4145,Closed Reduction of Tibia Fracture
9129,Ureteral Cancer
4129,Hallux Varus Treatment
4084,Soft Tissue Release
4081,Plantar Fasciotomy
9136,Urinary Tract Cancer
9140,Uterine Prolapse Surgery
9194,Vocal Cord Cancer
9159,Vascular Transcatheter Embolization
9164,Venous Insufficiency
9169,Ventricular Outflow Obstruction
9177,Vestibular Neuritis
9179,Video Assisted Thoracoscopic Lobectomy
9185,Visceral Aneurysm
9188,Visual Field Defects
9192,Vitamin D Deficiency
9198,Vulvar Cancer
4159,Congenital Pseudarthrosis of Tibia
9205,White Coat Hypertension
4191,Ligament Reconstruction of Leg
4227,Closed Reduction of Femur Fracture
2732,Abdominal Aortic Aneurysm
1283,Altitude Sickness
3026,Antral Washout
4272,Arthrodesis - Hip
4331,Spondylolisthesis Surgery
4297,Congenital Muscular Torticollis
4277,Femoroacetabular Impingement
3674,Lumbar Peritoneal Shunt
4321,Posterior Element Biopsy
4344,Acromioclavicular Joint Injury
4431,Radial Head Fracture Repair
4381,Tendon Lengthening of Arm
4482,Congenital Band Release
4515,Osteotomy Phalynx
4484,Ulnar Collateral Ligament Repair
4532,Ligament Reconstruction of Hand
4615,Spine Transpedicular Biopsy
5179,Campath Sensitivity
4663,Fibular Graft Harvest
4653,Removal of Spinal Implant
4637,Total Joint Replacement
9239,Bone and Joints
9242,Swollen Ankles during Pregnancy
3942,Cannulated Screw Fixation
3464,Chemotherapy Infusion
1151,Cervical Cancer
4977,Biotinidase Deficiency
5102,Clinical Toxicology
3833,Interlocking Nailing of Tibia
714,Clear Vaginal Discharge
4386,Closed Reduction of Humerus Fracture
2590,Corneal Disease
2184,Coblation Surgery
4387,CRIF Humerus
5267,Myelodysplastic Syndrome
1765,Craniovertebral Junction Surgery
2778,Dental Bridge Casting
2779,Dental Cast Partial Denture
2781,Dental Composite Crown
2787,Gum Contouring Surgery
2859,Dental Orthognathic Surgery
2909,Dental Sinus Lift With Bone Graft
2914,Tooth Extraction
1326,Ejaculation Problem
6434,T-Tube Cholangiogram
2471,Peripheral Vascular Repair
3643,Endoscopic Ventriculostomy
702,Enlarged Heart
5894,Peripheral Smear
3647,Epidural Block
5308,Esptein-Barr Virus
3391,Femoral Hernia
6441,Intravenous Urography
6444,Retrograde Urethrogram 
2943,Excision Of Mole Cyst
5384,Fragile X Syndrome
5369,Relapsing Fever
830,Fluid Retention
485,Foot Surgery
5500,Hepatitis C Virus
857,Green Vaginal Discharge
161,Heart Stroke
5512,Herpes Simplex Virus Type 1 
1170,Hodgkin's Disease
3405,Intussusception Repair
7067,Major Duct Excision
7079,Removal of Breast Implant
1446,Irregular Menstural Cycle
7080,Sentinel Node Biopsy
7161,Pediatric Cardiology
7165,Pediatric Gastroenterology
7201,Pediatric Pulmonology
4369,Arthrodesis - Shoulder
4445,Elbow Arthrolysis
3988,Arthroscopic Posterior Stabilisation
1537,Craniofacial Surgery
5098,Chyle Examination
3638,Endoscopic Ethmoidectomy
5701,Leukocyte Alkaline Phosphatase
929,Loose Stool
3655,Facial Reconstruction
1663,Neonatal Bowel Obstruction 
3922,Knee Ligament Repair
938,Loss of Taste
3774,Meckel's Scan
1725,Paediatric Advanced Life Support
1747,Paediatric Urodynmics
5737,MLL Gene Rearrangement
5781,Mycobacterium Tuberculosis Complex
3182,Nasopharyngeal Cyst Excision
3884,Osteotomy Lower Limb
2599,Pancreatic Endotherapy
2638,Primary Surgery for Burns
5901,Platelet Count
5988,Semen Analysis
4378,Tendon Repair of Arm
278,Testicular Cancer
1104,Uncontrollable Bladder
7612,Cholecystitis
7614,Cholesteatoma
7616,Chondroma
7618,Choriocarcinoma
9266,Women
64,Fever
36,Phimosis
66,Pyrexia
99,Laryngitis
70,Malaria
69,Pneumonia
159,Ischemia
220,Deafness
171,Electrophysiology
157,Flutter
192,Leukemia
7259,Achalasia
160,Palpitation
146,Stenting
280,Stroke
162,Tachycardia
7667,Proctosigmoidoscopy
309,Miscarriage
249,Teething
303,Delivery
290,Dementia
279,Epilepsy
285,Headache
282,Meningitis
381,Stress
284,Vertigo
364,Wrinkles
7726,Craniectomy
7728,Craniopharyngioma
1275,Abscess
7732,Cryoablation
7735,Cryoglobulinemia
7225,Nystagmus
470,Sinusitis
535,Constipation
522,Cough
525,Dengue
545,Emergency
494,Fracture
449,Genetics
459,Immunoassay
523,Infection
429,Itching
533,Measles
479,Olfaction
530,Rash
419,Swelling
630,Baldness
632,Belching
639,Blackout
538,Acidity
628,Dizziness
640,Fainting
633,Gas
558,Gastritis
586,Heartburn
576,Hyperventilation
642,Incontinence
557,Indigestion
631,Fatigue
549,Sinus
622,Weakness
7776,Dermatomyositis
863,Halitosis
731,Convulsion
728,Conjunctivitis
729,Contusion
784,Dyspnea
785,Dyspraxia
786,Dysuria
791,Ecchymosis
792,Edema
732,Seizure
796,Emesis
798,Epistaxis
801,Impotence
699,Insomnia
772,Nausea
797,Vomiting
686,Wheezing
836,Forgetfulness
7312,Amyloidosis
7318,Anaphylaxis
7321,Andropause
882,Icterus
869,Hematemesis
870,Hematochezia
871,Hematospermia
872,Hematuria
874,Hemoptysis
876,Hoarseness
879,Hyperactivity
880,Hyperhidrosis
881,Hypogeusia
897,Jaundice
907,Lacrimation
924,Lipedema
916,Lethargy
917,Leukoplakia
922,Limping
920,Photophobia
893,Tremor
3085,Adenotonsillectomy
7818,Diverticulitis
7838,Dyschezia
3006,Adenoidectomy
475,Adenoiditis
3578,Adhesiolysis
979,Nosebleed
1014,Pruritus
988,Overweight
997,Palsy
1008,Pleurisy
1009,Polyphagia
1018,Puking
1020,Pustule
1021,Pyrosis
1035,Sadness
1049,Sialorrhea
1057,Sleeplessness
7344,Anoscopy
7860,Embolectomy
7862,Empyema
7865,Endocarditis
1146,Asthma
1149,Cataract
1157,Eczema
1158,Endometriosis
1162,Gonorrhea
1166,Hemochromatosis
1167,Hepatitis
1179,Migraine
1178,Myopia
1181,Narcolepsy
1183,Osteoporosis
1072,Sterility
1084,Tachypnea
1093,Tinnitus
1099,Trembling
1116,Vaginitis
1120,Vulvovaginitis
1131,Xeroderma
1132,Xerophthalmia
1133,Xerosis
1134,Xerostomia
7885,Enema
7890,Enterostomy
7893,Entropion
7894,Eosinophilia
1285,Amebiasis
1299,Bedwetting
1248,Eclampsia
1188,Inflammation
1267,Cholelithiasis
1262,Fibromyalgia
1203,Hemodialysis
1219,Hemorrhoids
1230,Hydrocephalus
1263,Hyperbilirubinemia
1243,Hyperthyroidism
1198,Hypervolemia
1269,Nephritis
1206,Peritonitis
1190,Pertussis
1240,Pyelonephritis
495,Sprain
7909,Esophagitis
7910,Esophagram
7918,Excision
1325,Emphysema
1341,Haemophilia
1340,Haemorrhoids
1436,Fertility
1336,Gallstones
1335,Gastroscopy
1342,Haemorrhage
1443,Hyperandrogenism
1349,Ileostomy
1355,Labyrinthitis
1359,Lipoma
1378,Osteomyelitis
1445,Ovulation
1383,Psoriasis
1390,Scabies
1392,Stammering
1393,Stuttering
1389,Vaginismus
7953,Fall
1550,Glaucoma
1561,Otoneurology
7982,Fistula
7986,Fluoroscopy
7991,Folliculitis
7373,Appendectomy
8009,Galactography
8016,Gastrectomy
8021,Gastrinoma
8022,Gastroenteritis
1664,Hamartoma
1667,Hypospadias
1603,Otology
1594,Ultrasound
8031,Gastrotomy
8043,Glioblastoma
589,Ageusia
591,Agitation
8044,Glioma
8046,Glomerulonephritis
1732,Brachytherapy
1708,Dystonia
7384,Arteritis
1740,Histopathology
1790,Leprosy
1769,Otolaryngology
1753,Rehabilitation
1742,Thalassemia
8057,Gynecomastia
8058,Haematochezia
8060,Haemoptysis
8102,Hidradenitis
1933,Malocclusion
1938,Orthopaedics
1909,Doppler
1861,Neuropsychology
1899,Obstetrics
1931,Orthodontics
1833,Surgery
1925,Venereology
7397,Arthrocentesis
7398,Arthropathy
8120,Hives
8129,Hyperacusis
8131,Hyperlipidemia
8132,Hyperparathyroidism
8145,Hypopituitarism
1967,Audiology
2060,Tapping
8214,Intussusception
2166,Hypnotherapy
2151,Psychotherapy
8258,Kyphosis
8296,Lipidoses
8300,Lordosis
8324,Lymphocytosis
8329,Macroglobulinemia
2473,Trauma
2475,Immunotherapy
8346,Malnutrition
8364,Medulloblastoma
8366,Melanoma
8370,Meningiomas
2588,Fraxel
2531,OPCAB
2589,Phacoemulsification
2496,Physiotherapy
2691,Cytogenetics
2717,Pyeloplasty
2623,Scoliosis
2612,Sigmoidectomy
8419,Mononucleosis
1202,Amputation
1286,Anaemia
8442,Myelopathy
2759,Anesthesia
605,Angioedema
8450,Myopathy
612,Anorexia
8457,Nearsightedness
3583,Vertebrectomy
8473,Neuralgia
8475,Neuritis
8483,Neuropathy
8486,Neurostimulation
8488,Neutropenia
592,Anxiety
7477,Birthmark
7480,Blepharitis
7496,Bradycardia
613,Aphasia
619,Apraxia
8521,Oligodendroglioma
1207,Appendisectomy
1258,Appendicitis
2731,Arrhythmia
623,Arthralgia
7511,Bronchiectasis
7513,Bronchiolitis
8545,Osteoarthritis
8560,Osteosarcoma
8563,Otosclerosis
2942,Electrocautery
2994,Labyrinthectomy
2972,Phonomicrosurgery
3007,Styloidectomy
2990,Tympanomastoidectomy
3014,Uvulopharyngoplasty
7520,Bulimia
7521,Bunion
3055,Sialoendoscopy
8579,Pancreatitis
8580,Pancytopenia
7525,Bursitis
3053,Arytenoidectomy
3076,Hypopharyngoscopy
3090,Mastoidectomy
3109,Meatoplasty
3059,Thyroplasty
3081,Sphenoidotomy
3065,Stapedectomy
3114,Tympanotomy
8632,Pericarditis
8633,Perimenopause
3165,Snoreplasty
3223,Rhinoscopy
3207,Stroboscopy
3150,Supraglottoplasty
7543,Cardioverter
8653,Phlebectomy
8654,Phlebitis
8655,Phobia
8656,Photocoagulation
8665,Plasmapheresis
8672,Polyarteritis
8676,Polymyositis
8677,Polyneuritis
8678,Polyneuropathy
8686,Polyradiculoneuropathy
1144,Astigmatism
2733,Atherosclerosis
3278,Manometry
3263,Panendoscopy
3275,Polypectomy
3264,Sclerotherapy
8706,Preeclampsia
7553,Casting
7554,Cataplexy
8711,Presbyopia
3361,Adrenalectomy
3344,Cholangiography
3370,Choledocholithotomy
7557,Cellulitis
3439,Fissurectomy
3392,Gastrojejunostomy
3417,Orchiectomy
3403,Insulinoma
3341,Cystogastrostomy
3418,Orchidopexy
3394,Haemorrhoidectomy
3396,Hernioplasty
3419,Parathyroidectomy
3424,Proctocolectomy
8734,Prostatitis
8735,Proteinuria
8736,Pseudoarthrosis
8742,Psychoeducation
8747,Psychosis
8751,Pterygium
3456,Vagotomy
8780,Radiculitis
8781,Radiculopathy
8804,Salpingectomy
3611,Cranioplasty
3619,Diastematomyelia
3620,Diplomyelia
3621,Discography
3622,Encephalocele
3586,Haematoma
3558,Polysomnography
8823,Retinoblastoma
8825,Retinoschisis
8845,Sarcoma
3660,Stereotaxy
3677,Laminoplasty
3678,Lesionectomy
3679,Lipomeningomyelocele
3684,Meningocele
7608,Chikungunya
8850,Scars
8853,Schizophrenia
7604,Chemodenervation
8857,Scotoma
8873,Segmentectomy
644,Blepharoptosis
8887,Shingles
646,Blepharospasm
648,Blindness
650,Blisters
651,Bloating
3772,Lymphoscintigraphy
8926,Soroche
8928,Sphincterotomy
8956,Spondylarthritis
8957,Spondylitis
8958,Spondylolisthesis
8959,Spondylosis
8979,Stye
3869,Fasciotomy
8986,Suicide
3871,Dynamization
3901,Hemangioma
3962,Debridement
9041,Thymomas
4027,Arthrodesis
4030,Quadricepsplasty
3974,Remplissage
682,Breathlessness
9062,Trabeculectomy
9081,Trichomoniasis
1321,Bromhidrosis
9130,Ureterscopies
9141,Uveitis
9151,Vaginosis
9154,Varices
9160,Vasculitis
685,Bronchospasm
9202,Warts
4195,Meniscectomy
1216,Burns
4208,Patellectomy
4244,Rotationplasty-Thigh
1201,AIDS
334,Arthritis
4276,Epiphysiodesis
4599,Sequestrectomy
4538,Neurolysis
9243,Liver
9244,Oncology
2265,Cancer
1148,Candidiasis
701,Cardiomegaly
703,Cardiomyopathy
706,Cephalalgia
5101,CK-MB
2480,Child
1152,Chlamydia
3607,Cingulotomy
2196,Cirrhosis
5066,Carotenemia
3609,Corpectomy
521,Cold
2116,Colic
1606,Cryosurgery
5295,Echinococcosis
2770,Apicoectomy
2880,Prophylaxis
534,Diphtheria
2501,Diabetology
1587,Encephalitis
766,Drooling
768,Drowsiness
5792,Neopterin
1619,Endourology
5954,Reticulocytes
6411,Colostomy
6437,Cavernosogram
6424,Dacryocystogram
6448,Ductography
3024,Ethmoidectomy
6439,Genitogram
6427,Pharyngogram
6429,Sialogram
823,Tiredness
4165,Fibulectomy
829,Flatulence
524,Flu
852,Glossodynia
846,Gingivitis
850,Glossitis
1337,Goitre
5506,Hemogram
7,Hernia
7106,Cytology
7119,Intensivist
7052,Orthoscanogram
7099,Sonography
5668,Karyotyping
1589,Craniosynostosis
951,Mammalgia
952,Mania
954,Mastalgia
955,Mastodynia
3656,Reinnervation
1168,Herpes
5576,Hematocrit
5580,Hepascore
2095,Leucoderma
950,Lymphadenopathy
958,Menorrhagia
956,Melena
3686,Meningomyelocele
1916,Menopause
959,Menorrhea
3874,Osteotomy
982,Numbness
984,Obesity
999,Paranoia
1785,Oculoplasty
2352,Oncosurgery
998,Paralysis
9278,Appendix
4596,Spinal Decompression
9331,Lung Surgery
9332,Pregnancy Checkup
7220,Intra Cytoplasmic Sperm Injection 
63,Decompression Surgery
355,Tummy Tuck Surgery
9256,Transurethral Resection of Bladder Tumor
1185,Ovarian Cancer Surgery
1348,Hysteroscopic Myomectomy
1631,Mammography
1693,Paediatric Cardiac Surgery
2168,Facelift Surgery
2284,Percutaneous Coronary Intervention
2402,Microlaryngeal Surgery
2527,Mitral Valve Surgery
8393,Microdiscectomy
7481,Blepharoplasty
2988,Myringoplasty
3047,Laryngectomy
9328,Decortication
9329,Mediastinoscopy
2308,Bronchoscopy
9330,Bullectomy
1350,Intrauterine Insemination
9333,Male Infertility Treatment
2755,Laparoscopic Myomectomy
9327,Pneumonectomy
9326,Lobectomy - Lungs
7362,Aortic Aneurysm Repair
9293,Angioplasty with Stent Placement
4442,Elbow Arthroscopy
7574,Cerebrospinal Fluid Shunt
7590,Cervical Spine Surgery
230,Breast Augmentation Surgery
257,Prostate Resection Surgery
1,Stem Cell Transplantation
3306,Endoscopic Mucosal Resection 
9228,Brain Aneursym Surgery
2811,Dental Braces
3031,Functional Endoscopic Sinus Surgery
163,Heart Transplant
322,Vitrectomy
3185,Nasal Polypectomy
9273,Digital Subtraction Angiography 
9182,Thoracotomy
9181,Video Assisted Thoracoscopic Surgery
7721,Cranial CyberKnife Radiosurgery
7329,Angiogram
1462,Knee Arthroscopy
1763,Strabismus Surgery
3612,Craniotomy
8775,Radical Cystectomy
8974,Stress Echocardiography
9170,Ventricular Septal Defect Surgery
1772,Laparoscopic Surgery
9223,Buttock Lift
9232,Canalith Repositioning Procedure
9290,Revascularization
9334,Electroconclusive Therapy
1795,Sexually Transmitted Disease
2291,3D Transesophageal Echocardiography
9335,HIV AIDS
10,Lumpectomy
8119,HIV Positive
9336,Open Heart Surgery
9339,Mitral Valvuloplasty
9341,Ovarian Cancer
9342,Oral Cancer
9346,Lung Cancer Treatment
9347,Colon Cancer Treatment
1300,Benign Prostatic Hyperplasia 
7902,Endoscopic Retrograde Cholangiopancreatography
9349,Pleural Thickening
9350,Pituitary Macroadenoma
9351,Peroxisomal Disorder
9353,Nephrectomy
9352,Low WBC Count
9344,Prostate Cancer Treatment
1,Gallbladder Removal Surgery
9337,ACL Surgery
9348,IVF treatment
9343,Oral Cancer Treatment
9345,Blood Cancer Treatment
9340,Ovarian Cancer Treatment
9338,Breast Cancer Treatment
264,Kidney Stone Removal
9365,Colonoscopy Test
298,Uterus Removal Surgery
3091,Tonsillectomy
9366,CT Scan Abdomen
9367,PEG Tube Placement
2616,Laparoscopic Cholecystectomy
9354,Organ Transplant Swap
9368,ERCP
7848,Electroencephalogram
3534,Electromyography
9369,MRI Brain
560,Hystrectomy
9370,CT Scan Head
56,Spine Surgery
1347,Hysterectomy
2534,Fibroids Removal Surgery
78,Bypass Surgery
1584,Brain Tumor Surgery
1290,Coronary Angioplasty
8078,Heart Valve Replacement
9375,CT Scan Renal
2169,Coronary Angiography
2762,Bone Marrow Transplant
9372,Creatinine Clearance Test
1575,Knee Replacement
9355,Lipid Profile
9356,Thyroid Profile
9357,C Reactive Protein Test
9358,Holter Monitor Test
1635,ECHO
9359,Stress ECHO
5708,Liver Function Test
9360,Kidney Function Test
9361,Complete Blood Count
9362,USG Lower Abdomen
9363,USG Whole Abdomen
9364,Endoscopy Test
9373,Glomerular Filtration Rate
9374,USG Scrotum
9371,Urine Analysis
9376,USG KUB
9377,USG Prostate
7748,Cystoscopy
9378,Cystography
9379,PET CT Scan
5342,Fine Needle Aspiration Cytology 
9380,Carcinoembryonic Antigen 
9381,Mammogram
9382,CA 125
372,Biopsy
9383,X-Ray Chest
9384,Pulmonary Function Test
9385,CT Scan Chest
9386,Biopsy Lung
